,Name,Year,Age,Tm,Pos,No.,G,GS,QBrec,Cmp,Att,Cmp%,Yds,TD,TD%,Int,Int%,1D,Lng,Y/A,AY/A,Y/C,Y/G,Rate,QBR,Sk,Yds.1,Sk%,NY/A,ANY/A,4QC,GWD,AV,Awards,Career_AV,Tier
1,Tom Brady,0,24,0.0,0.0,12.0,15,14.0,0.0,264,413,63.9,2843,18,4.4,12,2.9,145.0,91,6.9,6.4,10.8,189.5,86.5,0.0,41,216,9.0,5.79,5.39,3.0,3.0,12,0.0,316,Elite Career QB
1,Drew Brees,2002,23,0.0,0.0,9.0,16,16.0,0.0,320,526,60.8,3284,17,3.2,16,3.0,164.0,52,6.2,5.5,10.3,205.3,76.9,0.0,24,180,4.4,5.64,4.95,2.0,4.0,10,0.0,277,Elite Career QB
1,Brett Favre,0,23,0.0,0.0,4.0,15,13.0,0.0,302,471,64.1,3227,18,3.8,13,2.8,0.0,76,6.9,6.4,10.7,215.1,85.3,0.0,34,208,6.7,5.98,5.53,3.0,3.0,13,0.0,259,Elite Career QB
2,Philip Rivers,0,25,0.0,0.0,17.0,16,16.0,0.0,284,460,61.7,3388,22,4.8,9,2.0,167.0,57,7.4,7.4,11.9,211.8,92.0,67.4,27,144,5.5,6.66,6.73,4.0,4.0,18,0.0,218,Elite Career QB
3,Aaron Rodgers,2008,25,0.0,0.0,12.0,16,16.0,0.0,341,536,63.6,4038,28,5.2,13,2.4,184.0,71,7.5,7.5,11.8,252.4,93.8,62.9,34,231,6.0,6.68,6.64,1.0,2.0,15,0.0,218,Elite Career QB
0,Dan Marino,0,22,0.0,0.0,13.0,11,9.0,0.0,173,296,58.4,2210,20,6.8,6,2.0,0.0,85,7.5,7.9,12.8,200.9,96.0,0.0,10,80,3.3,6.96,7.39,1.0,2.0,10,0.0,216,Elite Career QB
0,Ben Roethlisberger,2004,22,0.0,0.0,7.0,14,13.0,0.0,196,295,66.4,2621,17,5.8,11,3.7,130.0,58,8.9,8.4,13.4,187.2,98.1,0.0,30,213,9.2,7.41,6.93,4.0,5.0,12,0.0,208,Elite Career QB
0,John Elway,1983,23,0.0,0.0,7.0,11,10.0,0.0,123,259,47.5,1663,7,2.7,14,5.4,0.0,49,6.4,4.5,13.5,151.2,54.9,0.0,28,218,9.8,5.03,3.33,1.0,1.0,4,0.0,206,Elite Career QB
0,Matt Ryan,2008,23,0.0,0.0,2.0,16,16.0,0.0,265,434,61.1,3440,16,3.7,11,2.5,156.0,70,7.9,7.5,13.0,215.0,87.7,68.8,17,104,3.8,7.4,7.01,2.0,4.0,14,0.0,203,Elite Career QB
0,Eli Manning,2004,23,0.0,0.0,10.0,9,7.0,0.0,95,197,48.2,1043,6,3.0,9,4.6,50.0,52,5.3,3.8,11.0,115.9,55.4,0.0,13,83,6.2,4.57,3.21,1.0,1.0,-1,0.0,169,Elite Career QB
0,Steve Young,1985,24,0.0,0.0,8.0,5,5.0,0.0,72,138,52.2,935,3,2.2,8,5.8,0.0,59,6.8,4.6,13.0,187.0,56.9,0.0,21,158,13.2,4.89,3.0,1.0,1.0,4,0.0,168,Elite Career QB
0,Dan Fouts,1973,22,0.0,0.0,14.0,10,6.0,0.0,87,194,44.8,1126,6,3.1,13,6.7,0.0,69,5.8,3.4,12.9,112.6,46.0,0.0,14,129,6.7,4.79,2.56,1.0,0.0,2,0.0,163,Elite Career QB
0,Warren Moon,1984,28,0.0,0.0,1.0,16,16.0,0.0,259,450,57.6,3338,12,2.7,14,3.1,0.0,76,7.4,6.6,12.9,208.6,76.9,0.0,47,371,9.5,5.97,5.19,1.0,2.0,10,0.0,163,Elite Career QB
0,Ken Anderson,1971,22,0.0,0.0,14.0,11,4.0,0.0,72,131,55.0,777,5,3.8,4,3.1,0.0,44,5.9,5.3,10.8,70.6,72.6,0.0,23,159,14.9,4.01,3.49,0.0,0.0,4,0.0,160,Elite Career QB
0,Russell Wilson,0,24,0.0,0.0,3.0,16,16.0,0.0,252,393,64.1,3118,26,6.6,10,2.5,153.0,67,7.9,8.1,12.4,194.9,100.0,72.7,33,203,7.7,6.84,7.01,3.0,4.0,16,0.0,158,Elite Career QB
0,Matthew Stafford,2009,21,0.0,0.0,9.0,10,10.0,0.0,201,377,53.3,2267,13,3.4,20,5.3,111.0,75,6.0,4.3,11.3,226.7,61.0,37.1,24,169,6.0,5.23,3.64,1.0,1.0,3,0.0,148,Elite Career QB
0,Carson Palmer,2004,25,0.0,0.0,9.0,13,13.0,0.0,263,432,60.9,2897,18,4.2,18,4.2,140.0,76,6.7,5.7,11.0,222.8,77.3,0.0,25,178,5.5,5.95,4.96,2.0,3.0,8,0.0,141,Elite Career QB
0,Vinny Testaverde,1987,24,0.0,0.0,14.0,6,4.0,0.0,71,165,43.0,1081,5,3.0,6,3.6,0.0,40,6.6,5.5,15.2,180.2,60.2,0.0,18,140,9.8,5.14,4.21,0.0,0.0,4,0.0,141,Elite Career QB
0,Terry Bradshaw,1970,22,0.0,0.0,12.0,13,8.0,0.0,83,218,38.1,1410,6,2.8,24,11.0,0.0,87,6.5,2.1,17.0,108.5,30.4,0.0,25,242,10.3,4.81,0.86,0.0,0.0,1,0.0,140,Elite Career QB
0,Cam Newton,0,22,0.0,0.0,1.0,16,16.0,0.0,310,517,60.0,4051,21,4.1,17,3.3,176.0,91,7.8,7.2,13.1,253.2,84.5,56.6,35,260,6.3,6.87,6.24,1.0,1.0,19,0.0,140,Elite Career QB
0,Drew Bledsoe,1993,21,0.0,0.0,11.0,13,12.0,0.0,214,429,49.9,2494,15,3.5,15,3.5,0.0,54,5.8,4.9,11.7,191.8,65.0,0.0,16,99,3.6,5.38,4.54,2.0,2.0,6,0.0,139,Elite Career QB
1,Dave Krieg,1981,23,0.0,0.0,17.0,7,3.0,0.0,64,112,57.1,843,7,6.3,5,4.5,0.0,57,7.5,6.8,13.2,120.4,83.3,0.0,11,85,8.9,6.16,5.47,1.0,1.0,3,0.0,138,Elite Career QB
0,Donovan McNabb,1999,23,0.0,0.0,5.0,12,6.0,0.0,106,216,49.1,948,8,3.7,7,3.2,55.0,63,4.4,3.7,8.9,79.0,60.1,0.0,28,204,11.5,3.05,2.41,1.0,2.0,1,0.0,138,Elite Career QB
0,Boomer Esiason,1984,23,0.0,0.0,7.0,10,4.0,0.0,51,102,50.0,530,3,2.9,3,2.9,0.0,36,5.2,4.5,10.4,53.0,62.9,0.0,5,52,4.7,4.47,3.77,1.0,1.0,2,0.0,137,Elite Career QB
0,Jim Kelly,1986,26,0.0,0.0,12.0,16,16.0,0.0,285,480,59.4,3593,22,4.6,17,3.5,0.0,84,7.5,6.8,12.6,224.6,83.3,0.0,43,330,8.2,6.24,5.62,0.0,0.0,12,0.0,132,Elite Career QB
1,Roger Staubach,1970,28,0.0,0.0,12.0,8,3.0,0.0,44,82,53.7,542,2,2.4,8,9.8,0.0,43,6.6,2.7,12.3,67.8,42.9,0.0,19,130,18.8,4.08,0.91,0.0,0.0,5,0.0,127,Elite Career QB
1,Steve McNair,1996,23,0.0,0.0,9.0,9,4.0,0.0,88,143,61.5,1197,6,4.2,4,2.8,47.0,83,8.4,8.0,13.6,133.0,90.6,0.0,9,45,5.9,7.58,7.18,0.0,0.0,5,0.0,125,Elite Career QB
0,Joe Flacco,2008,23,0.0,0.0,5.0,16,16.0,0.0,257,428,60.0,2971,14,3.3,12,2.8,143.0,70,6.9,6.3,11.6,185.7,80.3,47.1,32,276,7.0,5.86,5.29,1.0,1.0,12,0.0,121,Elite Career QB
0,Troy Aikman,1989,23,0.0,0.0,8.0,11,11.0,0.0,155,293,52.9,1749,9,3.1,18,6.1,0.0,75,6.0,3.8,11.3,159.0,55.7,0.0,19,155,6.1,5.11,3.09,0.0,0.0,2,0.0,120,Elite Career QB
1,Mark Brunell,1995,25,0.0,0.0,8.0,13,10.0,0.0,201,346,58.1,2168,15,4.3,7,2.0,104.0,45,6.3,6.2,10.8,166.8,82.6,0.0,39,238,10.1,5.01,4.97,2.0,2.0,9,0.0,120,Elite Career QB
3,Ken Stabler,0,28,0.0,0.0,12.0,14,11.0,0.0,163,260,62.7,1997,14,5.4,10,3.8,0.0,80,7.7,7.0,12.3,142.6,88.3,0.0,34,261,11.6,5.9,5.33,1.0,3.0,10,0.0,118,Elite Career QB
0,Steve Grogan,1975,22,0.0,0.0,14.0,13,7.0,0.0,139,274,50.7,1976,11,4.0,18,6.6,0.0,62,7.2,5.1,14.2,152.0,60.4,0.0,22,207,7.4,5.98,3.98,0.0,0.0,7,0.0,117,Elite Career QB
2,Tony Romo,0,26,0.0,0.0,9.0,16,10.0,0.0,220,337,65.3,2903,19,5.6,13,3.9,144.0,56,8.6,8.0,13.2,181.4,95.1,63.5,21,124,5.9,7.76,7.19,2.0,3.0,12,0.0,115,Elite Career QB
1,Kurt Warner,0,28,0.0,0.0,13.0,16,16.0,0.0,325,499,65.1,4353,41,8.2,13,2.6,197.0,75,8.7,9.2,13.4,272.1,109.2,0.0,29,201,5.5,7.86,8.31,0.0,0.0,19,0.0,113,Elite Career QB
0,Kerry Collins,1995,23,0.0,0.0,12.0,15,13.0,0.0,214,433,49.4,2717,14,3.2,19,4.4,130.0,89,6.3,4.9,12.7,181.1,61.9,0.0,24,150,5.3,5.62,4.36,1.0,3.0,5,0.0,112,Elite Career QB
2,Matt Hasselbeck,2001,26,0.0,0.0,8.0,13,12.0,0.0,176,321,54.8,2023,7,2.2,8,2.5,92.0,64,6.3,5.6,11.5,155.6,70.9,0.0,38,251,10.6,4.94,4.32,0.0,2.0,7,0.0,110,Above Average Career QB
0,Jay Cutler,2006,23,0.0,0.0,6.0,5,5.0,0.0,81,137,59.1,1001,9,6.6,5,3.6,49.0,71,7.3,7.0,12.4,200.2,88.5,41.9,13,85,8.7,6.11,5.81,0.0,0.0,3,0.0,109,Above Average Career QB
0,Steve DeBerg,1978,24,0.0,0.0,17.0,12,11.0,0.0,137,302,45.4,1570,8,2.6,22,7.3,0.0,58,5.2,2.5,11.5,130.8,40.0,0.0,17,156,5.3,4.43,1.83,0.0,1.0,1,0.0,109,Above Average Career QB
0,Andy Dalton,0,24,0.0,0.0,14.0,16,16.0,0.0,300,516,58.1,3398,20,3.9,13,2.5,151.0,84,6.6,6.2,11.3,212.4,80.4,49.5,24,160,4.4,6.0,5.65,4.0,4.0,11,0.0,108,Above Average Career QB
0,Jim Everett,1986,23,0.0,0.0,11.0,6,5.0,0.0,73,147,49.7,1018,8,5.4,8,5.4,0.0,60,6.9,5.6,13.9,169.7,67.8,0.0,8,50,5.2,6.25,4.95,0.0,0.0,3,0.0,108,Above Average Career QB
0,Jim Plunkett,1971,24,0.0,0.0,16.0,14,14.0,0.0,158,328,48.2,2158,19,5.8,16,4.9,0.0,88,6.6,5.5,13.7,154.1,68.6,0.0,36,319,9.9,5.05,4.12,1.0,1.0,10,0.0,108,Above Average Career QB
3,Ron Jaworski,1977,26,0.0,0.0,7.0,14,14.0,0.0,166,346,48.0,2183,18,5.2,21,6.1,0.0,55,6.3,4.6,13.2,155.9,60.4,0.0,47,342,12.0,4.68,3.2,1.0,1.0,10,0.0,107,Above Average Career QB
2,Joe Theismann,1976,27,0.0,0.0,7.0,14,5.0,0.0,79,163,48.5,1036,8,4.9,10,6.1,0.0,44,6.4,4.6,13.1,74.0,59.8,0.0,22,172,11.9,4.67,3.1,0.0,1.0,5,0.0,107,Above Average Career QB
0,Joe Ferguson,1973,23,0.0,0.0,12.0,14,14.0,0.0,73,164,44.5,939,4,2.4,10,6.1,0.0,42,5.7,3.5,12.9,67.1,45.8,0.0,20,164,10.9,4.21,2.2,2.0,1.0,5,0.0,106,Above Average Career QB
0,Jeff Garcia,1999,29,0.0,0.0,5.0,13,10.0,0.0,225,375,60.0,2544,11,2.9,11,2.9,134.0,62,6.8,6.1,11.3,195.7,77.9,0.0,15,104,3.8,6.26,5.55,0.0,0.0,9,0.0,104,Above Average Career QB
4,Danny White,1980,28,0.0,0.0,11.0,16,16.0,0.0,260,436,59.6,3287,28,6.4,25,5.7,0.0,58,7.5,6.2,12.6,205.4,80.7,0.0,30,252,6.4,6.51,5.3,1.0,1.0,16,0.0,104,Above Average Career QB
0,Chris Chandler,1988,23,0.0,0.0,17.0,15,13.0,0.0,129,233,55.4,1619,8,3.4,12,5.2,0.0,54,6.9,5.3,12.6,107.9,67.2,0.0,18,128,7.2,5.94,4.43,1.0,1.0,8,0.0,103,Above Average Career QB
2,Jim Harbaugh,1989,26,0.0,0.0,4.0,12,5.0,0.0,111,178,62.4,1204,5,2.8,9,5.1,0.0,49,6.8,5.1,10.8,100.3,70.5,0.0,18,106,9.2,5.6,4.05,0.0,0.0,5,0.0,102,Above Average Career QB
0,Ryan Fitzpatrick,2005,23,0.0,0.0,12.0,4,3.0,0.0,76,135,56.3,777,4,3.0,8,5.9,40.0,56,5.8,3.7,10.2,194.3,58.2,0.0,9,49,6.3,5.06,3.11,1.0,1.0,2,0.0,101,Above Average Career QB
0,Ryan Tannehill,2012,24,0.0,0.0,17.0,16,16.0,0.0,282,484,58.3,3294,12,2.5,13,2.7,151.0,80,6.8,6.1,11.7,205.9,76.1,48.4,35,234,6.7,5.9,5.23,1.0,1.0,10,0.0,101,Above Average Career QB
1,Daunte Culpepper,0,23,0.0,0.0,11.0,16,16.0,0.0,297,474,62.7,3937,33,7.0,16,3.4,188.0,78,8.3,8.2,13.3,246.1,98.0,0.0,34,181,6.7,7.39,7.28,3.0,4.0,20,0.0,98,Above Average Career QB
1,Kirk Cousins,2013,25,0.0,0.0,12.0,5,3.0,0.0,81,155,52.3,854,4,2.6,7,4.5,42.0,62,5.5,4.0,10.5,170.8,58.4,36.5,5,32,3.1,5.14,3.67,0.0,0.0,-2,0.0,96,Above Average Career QB
2,Brad Johnson,1996,28,0.0,0.0,14.0,12,8.0,0.0,195,311,62.7,2258,17,5.5,10,3.2,109.0,82,7.3,6.9,11.6,188.2,89.4,0.0,15,119,4.6,6.56,6.22,2.0,3.0,7,0.0,93,Above Average Career QB
0,Bert Jones,1973,22,0.0,0.0,7.0,8,5.0,0.0,43,108,39.8,539,4,3.7,12,11.1,0.0,51,5.0,0.7,12.5,67.4,28.8,0.0,14,126,11.5,3.39,-0.39,0.0,0.0,3,0.0,92,Above Average Career QB
0,Jake Plummer,1997,23,0.0,0.0,16.0,10,9.0,0.0,157,296,53.0,2203,15,5.1,15,5.1,102.0,70,7.4,6.2,14.0,220.3,73.1,0.0,52,291,14.9,5.49,4.42,2.0,2.0,7,0.0,92,Above Average Career QB
1,Jon Kitna,1998,26,0.0,0.0,7.0,6,5.0,0.0,98,172,57.0,1177,7,4.1,8,4.7,50.0,70,6.8,5.6,12.0,196.2,72.3,0.0,11,72,6.0,6.04,4.84,1.0,1.0,4,0.0,90,Above Average Career QB
0,Derek Carr,2014,23,0.0,0.0,4.0,16,16.0,0.0,348,599,58.1,3270,21,3.5,12,2.0,163.0,77,5.5,5.3,9.4,204.4,76.6,40.1,24,149,3.9,5.01,4.82,1.0,1.0,5,0.0,88,Above Average Career QB
0,Jim Zorn,1976,23,0.0,0.0,10.0,14,14.0,0.0,208,439,47.4,2571,12,2.7,27,6.2,0.0,80,5.9,3.6,12.4,183.6,49.5,0.0,25,196,5.4,5.12,3.02,0.0,0.0,8,0.0,88,Above Average Career QB
0,Ken O'Brien,1984,24,0.0,0.0,7.0,10,5.0,0.0,116,203,57.1,1402,6,3.0,7,3.4,0.0,49,6.9,5.9,12.1,140.2,74.0,0.0,22,168,9.8,5.48,4.62,1.0,1.0,5,0.0,87,Above Average Career QB
0,Brian Sipe,1974,25,0.0,0.0,17.0,10,5.0,0.0,59,108,54.6,603,1,0.9,7,6.5,0.0,37,5.6,2.9,10.2,60.3,47.0,0.0,15,122,12.2,3.91,1.51,1.0,2.0,3,0.0,87,Above Average Career QB
0,Steve Bartkowski,1975,23,0.0,0.0,10.0,11,11.0,0.0,115,255,45.1,1662,13,5.1,15,5.9,0.0,68,6.5,4.9,14.5,151.1,59.3,0.0,19,197,6.9,5.35,3.83,0.0,0.0,6,0.0,84,Above Average Career QB
2,Tommy Kramer,1979,24,0.0,0.0,9.0,16,16.0,0.0,315,566,55.7,3397,23,4.1,24,4.2,0.0,55,6.0,4.9,10.8,212.3,69.3,0.0,36,249,6.0,5.23,4.2,3.0,3.0,10,0.0,84,Above Average Career QB
0,Neil Lomax,1981,22,0.0,0.0,15.0,14,7.0,0.0,119,236,50.4,1575,4,1.7,10,4.2,0.0,75,6.7,5.1,13.2,112.5,59.9,0.0,32,286,11.9,4.81,3.43,0.0,1.0,6,0.0,82,Above Average Career QB
1,Jeff Blake,1994,24,0.0,0.0,8.0,10,9.0,0.0,156,306,51.0,2154,14,4.6,9,2.9,92.0,76,7.0,6.6,13.8,215.4,76.9,0.0,19,120,5.8,6.26,5.87,3.0,2.0,7,0.0,81,Above Average Career QB
1,Lynn Dickey,1973,24,0.0,0.0,10.0,12,4.0,0.0,71,120,59.2,888,6,5.0,10,8.3,0.0,66,7.4,4.7,12.5,74.0,64.2,0.0,13,138,9.8,5.64,3.16,1.0,1.0,3,0.0,80,Above Average Career QB
0,Andrew Luck,0,23,0.0,0.0,12.0,16,16.0,0.0,339,627,54.1,4374,23,3.7,18,2.9,208.0,70,7.0,6.4,12.9,273.4,76.5,65.6,41,246,6.1,6.18,5.66,4.0,7.0,13,0.0,80,Above Average Career QB
0,Jeff George,1990,23,0.0,0.0,11.0,13,12.0,0.0,181,334,54.2,2152,16,4.8,13,3.9,0.0,75,6.4,5.6,11.9,165.5,73.8,0.0,37,320,10.0,4.94,4.22,3.0,2.0,7,0.0,79,Above Average Career QB
0,Bernie Kosar,1985,22,0.0,0.0,19.0,12,10.0,0.0,124,248,50.0,1578,8,3.2,7,2.8,0.0,68,6.4,5.7,12.7,131.5,69.3,0.0,19,121,7.1,5.46,4.88,2.0,2.0,6,0.0,79,Above Average Career QB
3,Matt Schaub,2007,26,0.0,0.0,8.0,11,11.0,0.0,192,289,66.4,2241,9,3.1,9,3.1,97.0,77,7.8,7.0,11.7,203.7,87.2,62.6,16,126,5.2,6.93,6.2,1.0,1.0,8,0.0,79,Above Average Career QB
0,Dak Prescott,0,23,0.0,0.0,4.0,16,16.0,0.0,311,459,67.8,3667,23,5.0,4,0.9,185.0,83,8.0,8.6,11.8,229.2,104.9,77.6,25,143,5.2,7.28,7.86,5.0,5.0,15,0.0,77,Above Average Career QB
1,Patrick Mahomes,0,23,0.0,0.0,15.0,16,16.0,0.0,383,580,66.0,5097,50,8.6,12,2.1,262.0,89,8.8,9.6,13.3,318.6,113.8,80.3,26,171,4.3,8.13,8.89,2.0,2.0,22,0.0,75,Above Average Career QB
0,Aaron Brooks,2000,24,0.0,0.0,2.0,8,5.0,0.0,113,194,58.2,1514,9,4.6,6,3.1,67.0,53,7.8,7.3,13.4,189.3,85.7,0.0,15,94,7.2,6.79,6.36,1.0,2.0,7,0.0,73,Above Average Career QB
0,Neil O'Donnell,1991,25,0.0,0.0,14.0,12,8.0,0.0,156,286,54.5,1963,11,3.8,7,2.4,0.0,89,6.9,6.5,12.6,163.6,78.8,0.0,30,214,9.5,5.53,5.23,1.0,1.0,7,0.0,73,Above Average Career QB
0,Dan Pastorini,1971,22,0.0,0.0,7.0,14,8.0,0.0,127,270,47.0,1702,7,2.6,21,7.8,0.0,62,6.3,3.3,13.4,121.6,43.8,0.0,20,152,6.9,5.34,2.57,1.0,1.0,7,0.0,72,Above Average Career QB
0,Jim McMahon,1982,23,0.0,0.0,9.0,8,7.0,0.0,120,210,57.1,1501,9,4.3,7,3.3,0.0,50,7.1,6.5,12.5,187.6,79.9,0.0,27,196,11.4,5.51,4.94,0.0,1.0,8,0.0,71,Above Average Career QB
0,Jay Schroeder,1985,24,0.0,0.0,10.0,9,5.0,0.0,112,209,53.6,1458,5,2.4,5,2.4,0.0,53,7.0,6.4,13.0,162.0,73.8,0.0,15,114,6.7,6.0,5.44,3.0,3.0,4,0.0,71,Above Average Career QB
0,Richard Todd,1976,23,0.0,0.0,14.0,13,6.0,0.0,65,162,40.1,870,3,1.9,12,7.4,0.0,44,5.4,2.4,13.4,66.9,33.2,0.0,29,233,15.2,3.34,0.82,0.0,1.0,-1,0.0,71,Above Average Career QB
3,David Garrard,2005,27,0.0,0.0,9.0,7,5.0,0.0,98,168,58.3,1117,4,2.4,1,0.6,64.0,37,6.6,6.9,11.4,159.6,83.9,0.0,8,45,4.5,6.09,6.29,2.0,2.0,6,0.0,70,Above Average Career QB
2,Kordell Stewart,1997,25,0.0,0.0,10.0,16,16.0,0.0,236,440,53.6,3020,21,4.8,17,3.9,139.0,69,6.9,6.1,12.8,188.8,75.2,0.0,20,152,4.3,6.23,5.48,4.0,5.0,16,0.0,69,Above Average Career QB
2,Jake Delhomme,2003,28,0.0,0.0,17.0,16,15.0,0.0,266,449,59.2,3219,19,4.2,16,3.6,147.0,67,7.2,6.4,12.1,201.2,80.6,0.0,23,168,4.9,6.46,5.74,5.0,7.0,10,0.0,66,Above Average Career QB
0,Gus Frerotte,1994,23,0.0,0.0,12.0,4,4.0,0.0,46,100,46.0,600,5,5.0,5,5.0,35.0,51,6.0,4.8,13.0,150.0,61.2,0.0,3,18,2.9,5.65,4.44,0.0,0.0,2,0.0,66,Above Average Career QB
5,Jeff Hostetler,1991,30,0.0,0.0,15.0,12,12.0,0.0,179,285,62.8,2032,5,1.8,4,1.4,0.0,55,7.1,6.8,11.4,169.3,84.1,0.0,20,100,6.6,6.33,6.07,1.0,2.0,10,0.0,65,Above Average Career QB
0,Marc Bulger,2002,25,0.0,0.0,10.0,7,7.0,0.0,138,214,64.5,1826,14,6.5,6,2.8,87.0,58,8.5,8.6,13.2,260.9,101.5,0.0,12,102,5.3,7.63,7.67,2.0,2.0,5,0.0,64,Above Average Career QB
0,Jameis Winston,0,21,0.0,0.0,3.0,16,16.0,0.0,312,535,58.3,4042,22,4.1,15,2.8,201.0,68,7.6,7.1,13.0,252.6,84.2,57.2,27,190,4.8,6.85,6.44,2.0,3.0,13,0.0,64,Above Average Career QB
0,Jared Goff,2016,22,0.0,0.0,16.0,7,7.0,0.0,112,205,54.6,1089,5,2.4,7,3.4,48.0,66,5.3,4.3,9.7,155.6,63.6,18.3,26,222,11.3,3.75,2.82,0.0,0.0,-2,0.0,63,Above Average Career QB
0,Carson Wentz,2016,24,0.0,0.0,11.0,16,16.0,0.0,379,607,62.4,3782,16,2.6,14,2.3,192.0,73,6.2,5.7,10.0,236.4,79.3,46.7,33,213,5.2,5.58,5.09,1.0,1.0,10,0.0,63,Above Average Career QB
0,Doug Williams,1978,23,0.0,0.0,12.0,10,10.0,0.0,73,194,37.6,1170,7,3.6,8,4.1,0.0,56,6.0,4.9,16.0,117.0,53.4,0.0,6,69,3.0,5.51,4.41,1.0,1.0,5,0.0,63,Above Average Career QB
1,Brian Griese,1999,24,0.0,0.0,14.0,14,13.0,0.0,261,452,57.7,3032,14,3.1,14,3.1,139.0,88,6.7,5.9,11.6,216.6,75.6,0.0,27,176,5.6,5.96,5.23,1.0,2.0,10,0.0,62,Average Career QB
0,Lamar Jackson,2018,21,0.0,0.0,8.0,16,7.0,0.0,99,170,58.2,1201,6,3.5,3,1.8,67.0,74,7.1,7.0,12.1,75.1,84.5,42.6,16,71,8.6,6.08,5.99,0.0,1.0,8,0.0,62,Average Career QB
2,Chad Pennington,2002,26,0.0,0.0,10.0,15,12.0,0.0,275,399,68.9,3120,22,5.5,6,1.5,168.0,47,7.8,8.2,11.3,208.0,104.2,0.0,22,135,5.2,7.09,7.49,1.0,2.0,12,0.0,62,Average Career QB
1,Trent Dilfer,1995,23,0.0,0.0,12.0,16,16.0,0.0,224,415,54.0,2774,4,1.0,18,4.3,133.0,64,6.7,4.9,12.4,173.4,60.1,0.0,47,331,10.2,5.29,3.71,1.0,3.0,6,0.0,60,Average Career QB
0,Bill Kenney,1980,25,0.0,0.0,9.0,3,3.0,0.0,37,69,53.6,542,5,7.2,2,2.9,0.0,75,7.9,8.0,14.6,180.7,91.6,0.0,5,43,6.8,6.74,6.88,0.0,1.0,2,0.0,58,Average Career QB
2,Wade Wilson,1984,25,0.0,0.0,11.0,8,5.0,0.0,102,195,52.3,1019,5,2.6,11,5.6,0.0,38,5.2,3.2,10.0,127.4,52.5,0.0,20,159,9.3,4.0,2.16,0.0,1.0,-1,0.0,58,Average Career QB
1,Mike Tomczak,1986,24,0.0,0.0,18.0,13,7.0,0.0,74,151,49.0,1105,2,1.3,10,6.6,0.0,85,7.3,4.6,14.9,85.0,50.2,0.0,4,30,2.6,6.94,4.29,2.0,3.0,3,0.0,57,Average Career QB
1,Stan Humphries,1990,25,0.0,0.0,16.0,7,5.0,0.0,91,156,58.3,1015,3,1.9,10,6.4,0.0,44,6.5,4.0,11.2,145.0,57.5,0.0,9,62,5.5,5.78,3.41,0.0,0.0,1,0.0,56,Average Career QB
0,Rodney Peete,1989,23,0.0,0.0,9.0,8,8.0,0.0,103,195,52.8,1479,5,2.6,9,4.6,0.0,69,7.6,6.0,14.4,184.9,67.0,0.0,27,164,12.2,5.92,4.55,1.0,1.0,6,0.0,56,Average Career QB
2,Gary Danielson,1978,27,0.0,0.0,16.0,16,11.0,0.0,199,351,56.7,2294,18,5.1,17,4.8,0.0,47,6.5,5.4,11.5,143.4,73.5,0.0,25,237,6.6,5.47,4.39,1.0,1.0,10,0.0,55,Average Career QB
0,Deshaun Watson,2017,22,0.0,0.0,4.0,7,6.0,0.0,126,204,61.8,1699,19,9.3,8,3.9,85.0,72,8.3,8.4,13.5,242.7,103.0,83.5,19,116,8.5,7.1,7.19,0.0,0.0,7,0.0,55,Average Career QB
0,Josh Allen,2018,22,0.0,0.0,17.0,12,11.0,0.0,169,320,52.8,2074,10,3.1,12,3.8,89.0,75,6.5,5.4,12.3,172.8,67.9,49.8,28,213,8.0,5.35,4.37,2.0,3.0,6,0.0,54,Average Career QB
0,Jason Campbell,2006,25,0.0,0.0,17.0,7,7.0,0.0,110,207,53.1,1297,10,4.8,6,2.9,68.0,66,6.3,5.9,11.8,185.3,76.5,52.3,7,55,3.3,5.8,5.48,1.0,1.0,5,0.0,54,Average Career QB
1,Elvis Grbac,1995,25,0.0,0.0,18.0,16,5.0,0.0,127,183,69.4,1469,8,4.4,5,2.7,65.0,81,8.0,7.7,11.6,91.8,96.6,0.0,6,36,3.2,7.58,7.24,0.0,0.0,6,0.0,53,Average Career QB
2,Scott Mitchell,1993,25,0.0,0.0,19.0,13,7.0,0.0,133,233,57.1,1773,12,5.2,8,3.4,0.0,77,7.6,7.1,13.3,136.4,84.2,0.0,7,49,2.9,7.18,6.68,0.0,0.0,7,0.0,53,Average Career QB
0,Teddy Bridgewater,2014,22,0.0,0.0,5.0,13,12.0,0.0,259,402,64.4,2919,14,3.5,12,3.0,137.0,87,7.3,6.6,11.3,224.5,85.2,54.4,39,249,8.8,6.05,5.46,3.0,3.0,9,0.0,51,Average Career QB
3,Matt Cassel,2008,26,0.0,0.0,16.0,16,15.0,0.0,327,516,63.4,3693,21,4.1,11,2.1,181.0,76,7.2,7.0,11.3,230.8,89.4,63.4,47,219,8.3,6.17,6.04,2.0,2.0,17,0.0,51,Average Career QB
0,Tony Banks,1996,23,0.0,0.0,12.0,14,13.0,0.0,192,368,52.2,2544,15,4.1,15,4.1,106.0,77,6.9,5.9,13.3,181.7,71.0,0.0,48,306,11.5,5.38,4.48,0.0,0.0,9,0.0,49,Average Career QB
0,Sam Bradford,2010,23,0.0,0.0,8.0,16,16.0,0.0,354,590,60.0,3512,18,3.1,15,2.5,179.0,49,6.0,5.4,9.9,219.5,76.5,46.9,34,244,5.4,5.24,4.73,0.0,0.0,9,0.0,49,Average Career QB
0,David Carr,2002,23,0.0,0.0,8.0,16,16.0,0.0,233,444,52.5,2592,9,2.0,15,3.4,118.0,81,5.8,4.7,11.1,162.0,62.8,0.0,76,411,14.6,4.19,3.24,2.0,3.0,5,0.0,49,Average Career QB
1,Colin Kaepernick,2012,25,0.0,0.0,7.0,13,7.0,0.0,136,218,62.4,1814,10,4.6,3,1.4,86.0,57,8.3,8.6,13.3,139.5,98.3,71.8,16,112,6.8,7.27,7.55,1.0,1.0,9,0.0,49,Average Career QB
0,Marcus Mariota,2015,22,0.0,0.0,8.0,12,12.0,0.0,230,370,62.2,2818,19,5.1,10,2.7,142.0,61,7.6,7.4,12.3,234.8,91.5,48.4,38,258,9.3,6.27,6.1,2.0,2.0,9,0.0,49,Average Career QB
0,Blake Bortles,2014,22,0.0,0.0,5.0,14,13.0,0.0,280,475,58.9,2908,11,2.3,17,3.6,136.0,63,6.1,5.0,10.4,207.7,69.5,26.7,55,345,10.4,4.84,3.81,1.0,1.0,5,0.0,48,Average Career QB
4,Tyrod Taylor,0,26,0.0,0.0,5.0,14,14.0,0.0,242,380,63.7,3035,20,5.3,6,1.6,129.0,63,8.0,8.3,12.5,216.8,99.4,66.3,36,212,8.7,6.79,7.1,1.0,2.0,14,0.0,47,Average Career QB
1,Erik Kramer,1991,27,0.0,0.0,12.0,13,8.0,0.0,136,265,51.3,1635,11,4.2,8,3.0,0.0,73,6.2,5.6,12.0,125.8,71.8,0.0,14,74,5.0,5.59,5.09,3.0,3.0,6,0.0,46,Average Career QB
0,Kyler Murray,2019,22,0.0,0.0,1.0,16,16.0,0.0,349,542,64.4,3722,20,3.7,12,2.2,173.0,88,6.9,6.6,10.7,232.6,87.4,57.7,48,309,8.1,5.78,5.55,1.0,2.0,14,0.0,46,Average Career QB
2,Mike Phipps,1972,25,0.0,0.0,15.0,14,13.0,0.0,144,305,47.2,1994,13,4.3,16,5.2,0.0,80,6.5,5.0,13.8,142.4,61.0,0.0,23,183,7.0,5.52,4.12,4.0,5.0,11,0.0,46,Average Career QB
0,Baker Mayfield,2018,23,0.0,0.0,6.0,14,13.0,0.0,310,486,63.8,3725,27,5.6,14,2.9,171.0,71,7.7,7.5,12.0,266.1,93.7,51.2,25,173,4.9,6.95,6.77,3.0,4.0,10,0.0,45,Average Career QB
0,Kyle Orton,2005,23,0.0,0.0,18.0,15,15.0,0.0,190,368,51.6,1869,9,2.4,13,3.5,93.0,54,5.1,4.0,9.8,124.6,59.7,0.0,30,190,7.5,4.22,3.2,0.0,1.0,2,0.0,44,Average Career QB
3,Jay Fiedler,2000,29,0.0,0.0,9.0,15,15.0,0.0,204,357,57.1,2402,14,3.9,14,3.9,106.0,61,6.7,5.7,11.8,160.1,74.5,0.0,23,129,6.1,5.98,5.06,1.0,1.0,11,0.0,43,Average Career QB
0,Don Majkowski,1987,23,0.0,0.0,5.0,7,5.0,0.0,55,127,43.3,875,5,3.9,3,2.4,0.0,70,6.9,6.6,15.9,125.0,70.2,0.0,10,77,7.3,5.82,5.57,1.0,1.0,3,0.0,43,Average Career QB
2,Bubby Brister,1988,26,0.0,0.0,6.0,13,13.0,0.0,175,370,47.3,2634,11,3.0,14,3.8,0.0,89,7.1,6.0,15.1,202.6,65.3,0.0,36,292,8.9,5.77,4.76,1.0,1.0,9,0.0,42,Average Career QB
4,James Harris,0,27,0.0,0.0,12.0,11,9.0,0.0,106,198,53.5,1544,11,5.6,6,3.0,0.0,50,7.8,7.5,14.6,140.4,85.1,0.0,12,101,5.7,6.87,6.63,2.0,2.0,10,0.0,42,Average Career QB
0,Bobby Douglass,1969,22,0.0,0.0,14.0,11,7.0,0.0,68,148,45.9,773,5,3.4,8,5.4,0.0,48,5.2,3.5,11.4,70.3,50.9,0.0,37,312,20.0,2.49,1.09,0.0,0.0,6,0.0,41,Average Career QB
1,Eric Hipple,1981,24,0.0,0.0,17.0,16,10.0,0.0,140,279,50.2,2358,14,5.0,15,5.4,0.0,94,8.5,7.0,16.8,147.4,73.4,0.0,27,208,8.8,7.03,5.74,2.0,2.0,10,0.0,41,Average Career QB
1,Marc Wilson,1981,24,0.0,0.0,6.0,13,9.0,0.0,173,366,47.3,2311,14,3.8,19,5.2,0.0,66,6.3,4.7,13.4,177.8,58.9,0.0,30,241,7.6,5.23,3.78,4.0,3.0,5,0.0,41,Average Career QB
0,Josh Freeman,2009,21,0.0,0.0,5.0,10,9.0,0.0,158,290,54.5,1855,10,3.4,18,6.2,90.0,42,6.4,4.3,11.7,185.5,59.8,37.0,20,102,6.5,5.65,3.69,2.0,2.0,2,0.0,40,Average Career QB
3,Jimmy Garoppolo,2017,26,0.0,0.0,10.0,6,5.0,0.0,120,178,67.4,1560,7,3.9,5,2.8,81.0,61,8.8,8.3,13.0,260.0,96.2,82.7,8,57,4.3,8.08,7.62,2.0,2.0,5,0.0,40,Average Career QB
0,Tony Eason,1983,24,0.0,0.0,11.0,16,4.0,0.0,46,95,48.4,557,1,1.1,5,5.3,0.0,35,5.9,3.7,12.1,34.8,48.4,0.0,16,139,14.4,3.77,1.92,0.0,0.0,2,0.0,39,Average Career QB
0,Case Keenum,2013,25,0.0,0.0,7.0,8,8.0,0.0,137,253,54.2,1760,9,3.6,6,2.4,76.0,66,7.0,6.6,12.8,220.0,78.2,48.6,19,201,7.0,5.73,5.4,0.0,0.0,4,0.0,39,Average Career QB
0,Charlie Batch,1998,24,0.0,0.0,10.0,12,12.0,0.0,173,303,57.1,2178,11,3.6,6,2.0,99.0,98,7.2,7.0,12.6,181.5,83.5,0.0,37,222,10.9,5.75,5.61,2.0,2.0,9,0.0,38,Average Career QB
0,Robert Griffin III,0,22,0.0,0.0,10.0,15,15.0,0.0,258,393,65.6,3200,20,5.1,5,1.3,151.0,88,8.1,8.6,12.4,213.3,102.4,69.4,30,217,7.1,7.05,7.47,3.0,2.0,18,0.0,38,Average Career QB
0,David Woodley,1980,22,0.0,0.0,16.0,13,11.0,0.0,176,327,53.8,1850,14,4.3,17,5.2,0.0,61,5.7,4.2,10.5,142.3,63.1,0.0,17,127,4.9,5.01,3.6,1.0,2.0,5,0.0,37,Average Career QB
2,Steve Bono,1987,25,0.0,0.0,15.0,3,3.0,0.0,34,74,45.9,438,5,6.8,2,2.7,0.0,57,5.9,6.1,12.9,146.0,76.3,0.0,6,30,7.5,5.1,5.23,0.0,1.0,2,0.0,36,Average Career QB
0,Nick Foles ,2012,23,0.0,0.0,9.0,7,6.0,0.0,161,265,60.8,1699,6,2.3,5,1.9,78.0,46,6.4,6.0,10.6,242.7,79.1,51.2,20,131,7.0,5.5,5.13,1.0,1.0,4,0.0,36,Average Career QB
0,Pat Haden,1976,23,0.0,0.0,11.0,10,7.0,0.0,60,105,57.1,896,8,7.6,4,3.8,0.0,65,8.5,8.3,14.9,89.6,94.8,0.0,13,86,11.0,6.86,6.69,1.0,1.0,5,0.0,36,Average Career QB
0,Byron Leftwich,2003,23,0.0,0.0,7.0,15,13.0,0.0,239,418,57.2,2819,14,3.3,16,3.8,134.0,84,6.7,5.7,11.8,187.9,73.0,0.0,19,90,4.3,6.24,5.24,1.0,2.0,9,0.0,36,Average Career QB
0,Rick Mirer,1993,23,0.0,0.0,3.0,16,16.0,0.0,274,486,56.4,2833,12,2.5,17,3.5,0.0,53,5.8,4.7,10.3,177.1,67.0,0.0,47,235,8.8,4.87,3.89,1.0,1.0,10,0.0,36,Average Career QB
0,Vince Young,0,23,0.0,0.0,10.0,15,13.0,0.0,184,357,51.5,2199,12,3.4,13,3.6,107.0,53,6.2,5.2,12.0,146.6,66.7,56.1,25,129,6.5,5.42,4.52,4.0,5.0,9,0.0,36,Average Career QB
2,Vince Ferragamo,1979,25,0.0,0.0,15.0,8,5.0,0.0,53,110,48.2,778,5,4.5,10,9.1,0.0,71,7.1,3.9,14.7,97.3,49.0,0.0,11,115,9.1,5.48,2.59,0.0,0.0,2,0.0,35,Average Career QB
0,Mark Sanchez,2009,23,0.0,0.0,6.0,15,15.0,0.0,196,364,53.8,2444,12,3.3,20,5.5,122.0,65,6.7,4.9,12.5,162.9,63.0,32.8,26,195,6.7,5.77,4.07,0.0,0.0,6,0.0,35,Average Career QB
0,Mitchell Trubisky,2017,23,0.0,0.0,10.0,12,12.0,0.0,196,330,59.4,2193,7,2.1,7,2.1,100.0,70,6.6,6.1,11.2,182.8,77.5,32.4,31,196,8.6,5.53,5.05,0.0,1.0,7,0.0,35,Average Career QB
0,Joey Harrington,2002,24,0.0,0.0,3.0,14,12.0,0.0,215,429,50.1,2294,12,2.8,16,3.7,111.0,64,5.3,4.2,10.7,163.9,59.9,0.0,8,75,1.8,5.08,3.98,2.0,2.0,4,0.0,34,Average Career QB
0,Tim Couch,1999,22,0.0,0.0,2.0,15,14.0,0.0,223,399,55.9,2447,15,3.8,13,3.3,110.0,78,6.1,5.4,11.0,163.1,73.2,0.0,56,359,12.3,4.59,3.96,2.0,2.0,8,0.0,33,Average Career QB
0,Mike Pagel,1982,22,0.0,0.0,18.0,9,9.0,0.0,111,221,50.2,1281,5,2.3,7,3.2,0.0,53,5.8,4.8,11.5,142.3,62.4,0.0,16,129,6.8,4.86,3.95,1.0,0.0,6,0.0,32,Average Career QB
0,Steve Fuller,1979,22,0.0,0.0,4.0,16,12.0,0.0,146,270,54.1,1484,6,2.2,14,5.2,0.0,40,5.5,3.6,10.2,92.8,55.8,0.0,37,244,12.1,4.04,2.38,0.0,1.0,4,0.0,31,Average Career QB
0,Justin Herbert,2020,22,0.0,0.0,10.0,15,15.0,0.0,396,595,66.6,4336,31,5.2,10,1.7,216.0,72,7.3,7.6,10.9,289.1,98.3,62.6,32,218,5.1,6.57,6.84,1.0,3.0,13,0.0,31,Average Career QB
0,Bob Avellini,1975,22,0.0,0.0,7.0,8,4.0,0.0,67,126,53.2,942,6,4.8,11,8.7,0.0,57,7.5,4.5,14.1,117.8,57.0,0.0,13,144,9.4,5.74,3.04,1.0,1.0,3,0.0,30,Average Career QB
1,Mark Malone,1981,23,0.0,0.0,16.0,8,3.0,0.0,45,88,51.1,553,3,3.4,5,5.7,0.0,30,6.3,4.4,12.3,69.1,58.6,0.0,10,76,10.2,4.87,3.18,0.0,0.0,3,0.0,30,Average Career QB
2,Dave Brown,1994,24,0.0,0.0,17.0,15,15.0,0.0,201,350,57.4,2536,12,3.4,16,4.6,120.0,53,7.2,5.9,12.6,169.1,72.5,0.0,42,248,10.7,5.84,4.61,1.0,3.0,9,0.0,29,Average Career QB
1,Chad Henne,2009,24,0.0,0.0,7.0,14,13.0,0.0,274,451,60.8,2878,12,2.7,14,3.1,156.0,67,6.4,5.5,10.5,205.6,75.2,53.1,26,176,5.5,5.66,4.85,3.0,3.0,8,0.0,29,Average Career QB
1,John Friesz,1991,24,0.0,0.0,17.0,16,16.0,0.0,262,487,53.8,2896,12,2.5,15,3.1,0.0,58,5.9,5.1,11.1,181.0,67.1,0.0,32,214,6.2,5.17,4.33,2.0,3.0,9,0.0,28,Average Career QB
0,Billy Joe Tolliver,1989,23,0.0,0.0,11.0,5,5.0,0.0,89,185,48.1,1097,5,2.7,8,4.3,0.0,49,5.9,4.5,12.3,219.4,57.9,0.0,9,75,4.6,5.27,3.93,2.0,2.0,1,0.0,28,Average Career QB
1,Jacoby Brissett,2017,25,0.0,0.0,7.0,16,15.0,0.0,276,469,58.8,3098,13,2.8,7,1.5,146.0,80,6.6,6.5,11.2,193.6,81.7,43.3,52,305,10.0,5.36,5.26,0.0,1.0,11,0.0,25,Average Career QB
0,Rex Grossman,2003,23,0.0,0.0,8.0,3,3.0,0.0,38,72,52.8,437,2,2.8,1,1.4,22.0,59,6.1,6.0,11.5,145.7,74.8,0.0,4,41,5.3,5.21,5.14,0.0,1.0,1,0.0,25,Average Career QB
4,Brian Hoyer,2013,28,0.0,0.0,6.0,3,3.0,0.0,57,96,59.4,615,5,5.2,3,3.1,33.0,47,6.4,6.0,10.8,205.0,82.6,51.1,6,48,5.9,5.56,5.22,1.0,1.0,1,0.0,25,Average Career QB
0,Daniel Jones,2019,22,0.0,0.0,8.0,13,12.0,0.0,284,459,61.9,3027,24,5.2,12,2.6,140.0,75,6.6,6.5,10.7,232.8,87.7,55.7,38,295,7.6,5.5,5.38,1.0,2.0,9,0.0,25,Average Career QB
0,Tommy Maddox,1992,21,0.0,0.0,8.0,13,4.0,0.0,66,121,54.5,757,5,4.1,9,7.4,0.0,38,6.3,3.7,11.5,58.2,56.4,0.0,10,60,7.6,5.32,2.99,0.0,0.0,2,0.0,25,Average Career QB
2,Steve Pelluer,1986,24,0.0,0.0,16.0,16,9.0,0.0,215,378,56.9,2727,8,2.1,17,4.5,0.0,84,7.2,5.6,12.7,170.4,67.9,0.0,47,362,11.1,5.56,4.14,1.0,2.0,10,0.0,25,Average Career QB
1,Steve Ramsey,1971,23,0.0,0.0,10.0,9,5.0,0.0,84,178,47.2,1120,5,2.8,13,7.3,0.0,47,6.3,3.6,13.3,124.4,46.6,0.0,13,105,6.8,5.31,2.77,0.0,2.0,3,0.0,25,Average Career QB
0,Jack Trudeau,1986,24,0.0,0.0,10.0,12,11.0,0.0,204,417,48.9,2225,8,1.9,18,4.3,0.0,84,5.3,3.8,10.9,185.4,53.5,0.0,29,213,6.5,4.51,3.05,0.0,0.0,2,0.0,25,Average Career QB
2,Shaun Hill,2008,28,0.0,0.0,13.0,9,8.0,0.0,181,288,62.8,2046,13,4.5,8,2.8,100.0,48,7.1,6.8,11.3,227.3,87.5,62.1,23,148,7.4,6.1,5.78,2.0,3.0,7,0.0,24,Average Career QB
4,Gary Hogeboom,1984,26,0.0,0.0,14.0,16,10.0,0.0,195,367,53.1,2366,7,1.9,14,3.8,0.0,68,6.4,5.1,12.1,147.9,63.7,0.0,26,211,6.6,5.48,4.24,1.0,2.0,5,0.0,24,Average Career QB
1,Tarvaris Jackson,2007,24,0.0,0.0,7.0,12,12.0,0.0,171,294,58.2,1911,9,3.1,12,4.1,95.0,71,6.5,5.3,11.2,159.3,70.8,50.6,19,70,6.1,5.88,4.73,1.0,2.0,7,0.0,24,Average Career QB
0,Sam Darnold,2018,21,0.0,0.0,14.0,13,13.0,0.0,239,414,57.7,2865,17,4.1,15,3.6,130.0,76,6.9,6.1,12.0,220.4,77.6,45.9,30,204,6.8,5.99,5.24,1.0,1.0,7,0.0,23,Average Career QB
0,Kent Graham,1992,24,0.0,0.0,10.0,6,3.0,0.0,42,97,43.3,470,1,1.0,4,4.1,0.0,44,4.8,3.2,11.2,78.3,44.6,0.0,7,49,6.7,4.05,2.51,0.0,0.0,2,0.0,23,Average Career QB
3,Rob Johnson,1998,25,0.0,0.0,11.0,8,6.0,0.0,67,107,62.6,910,8,7.5,3,2.8,41.0,66,8.5,8.7,13.6,113.8,102.9,0.0,29,163,21.3,5.49,5.68,0.0,0.0,5,0.0,23,Average Career QB
2,Jeff Kemp,1984,25,0.0,0.0,9.0,14,13.0,0.0,143,284,50.4,2021,13,4.6,7,2.5,0.0,63,7.1,6.9,14.1,144.4,78.7,0.0,24,190,7.8,5.94,5.77,2.0,3.0,9,0.0,23,Average Career QB
0,Christian Ponder,2011,23,0.0,0.0,7.0,11,10.0,0.0,158,291,54.3,1853,13,4.5,13,4.5,92.0,72,6.4,5.3,11.7,168.5,70.1,32.4,30,164,9.3,5.26,4.25,0.0,1.0,5,0.0,23,Average Career QB
0,Derek Anderson,2006,23,0.0,0.0,3.0,5,3.0,0.0,66,117,56.4,793,5,4.3,8,6.8,37.0,66,6.8,4.6,12.0,158.6,63.1,42.2,8,66,6.4,5.82,3.74,1.0,1.0,2,0.0,22,Average Career QB
0,Joe Burrow,2020,24,0.0,0.0,9.0,10,10.0,0.0,264,404,65.3,2688,13,3.2,5,1.2,150.0,67,6.7,6.7,10.2,268.8,89.8,48.5,32,231,7.3,5.64,5.72,0.0,0.0,7,0.0,22,Average Career QB
1,Craig Erickson,1993,24,0.0,0.0,7.0,16,15.0,0.0,233,457,51.0,3054,18,3.9,21,4.6,0.0,67,6.7,5.4,13.1,190.9,66.4,0.0,35,236,7.1,5.73,4.54,0.0,0.0,8,0.0,22,Average Career QB
0,Scott Hunter,1971,24,0.0,0.0,16.0,13,10.0,0.0,75,163,46.0,1210,7,4.3,17,10.4,0.0,77,7.4,3.6,16.1,93.1,46.1,0.0,11,81,6.3,6.49,2.9,1.0,2.0,5,0.0,22,Average Career QB
0,Steve Walsh,1989,23,0.0,0.0,3.0,8,5.0,0.0,110,219,50.2,1371,5,2.3,9,4.1,0.0,46,6.3,4.9,12.5,171.4,60.5,0.0,11,84,4.8,5.6,4.27,0.0,0.0,2,0.0,22,Average Career QB
0,Marty Domres,1969,22,0.0,0.0,14.0,10,4.0,0.0,47,112,42.0,631,2,1.8,10,8.9,0.0,55,5.6,2.0,13.4,63.1,29.3,0.0,14,101,11.1,4.21,0.95,0.0,0.0,3,0.0,21,Average Career QB
0,Jalen Hurts,2020,22,0.0,0.0,2.0,15,4.0,0.0,77,148,52.0,1061,6,4.1,4,2.7,45.0,81,7.2,6.8,13.8,70.7,77.6,33.8,13,59,8.1,6.22,5.85,0.0,0.0,4,0.0,21,Average Career QB
2,Bob Lee,1971,25,0.0,0.0,19.0,14,4.0,0.0,45,90,50.0,598,2,2.2,4,4.4,0.0,51,6.6,5.1,13.3,42.7,60.3,0.0,8,91,8.2,5.17,3.74,0.0,0.0,4,0.0,21,Average Career QB
0,Matt Moore,2007,23,0.0,0.0,3.0,9,3.0,0.0,63,111,56.8,730,3,2.7,5,4.5,37.0,57,6.6,5.1,11.6,81.1,67.0,49.9,6,40,5.1,5.9,4.49,0.0,1.0,2,0.0,21,Average Career QB
1,Don Strock,1975,25,0.0,0.0,10.0,6,3.0,0.0,26,45,57.8,230,2,4.4,2,4.4,0.0,25,5.1,4.0,8.8,38.3,67.8,0.0,3,29,6.3,4.19,3.15,0.0,0.0,2,0.0,21,Average Career QB
0,David Whitehurst,1977,22,0.0,0.0,17.0,7,5.0,0.0,50,105,47.6,634,1,1.0,7,6.7,0.0,48,6.0,3.2,12.7,90.6,42.3,0.0,10,68,8.7,4.92,2.36,0.0,0.0,2,0.0,21,Average Career QB
1,Damon Huard,1999,26,0.0,0.0,11.0,16,5.0,0.0,125,216,57.9,1288,8,3.7,4,1.9,69.0,69,6.0,5.9,10.3,80.5,79.8,0.0,28,185,11.5,4.52,4.44,1.0,1.0,5,0.0,20,Average Career QB
1,J.P. Losman,2005,24,0.0,0.0,7.0,9,8.0,0.0,113,228,49.6,1340,8,3.5,8,3.5,55.0,58,5.9,5.0,11.9,148.9,64.9,0.0,26,197,10.2,4.5,3.71,0.0,0.0,4,0.0,20,Average Career QB
0,Dennis Shaw,1970,23,0.0,0.0,16.0,14,12.0,0.0,178,321,55.5,2507,10,3.1,20,6.2,0.0,48,7.8,5.6,14.1,179.1,65.3,0.0,41,387,11.3,5.86,3.92,3.0,2.0,8,0.0,20,Average Career QB
1,Taysom Hill,2018,28,0.0,0.0,7.0,16,4.0,0.0,3,7,42.9,64,0,0.0,1,14.3,3.0,44,9.1,2.7,21.3,4.0,36.3,40.9,1,3,12.5,7.63,2.0,0.0,0.0,2,0.0,19,Average Career QB
0,Shaun King,1999,22,0.0,0.0,10.0,6,5.0,0.0,89,146,61.0,875,7,4.8,4,2.7,41.0,68,6.0,5.7,9.8,145.8,82.4,0.0,11,78,7.0,5.08,4.82,1.0,1.0,3,0.0,19,Average Career QB
0,Gardner Minshew II,2019,23,0.0,0.0,15.0,14,12.0,0.0,285,470,60.6,3271,21,4.5,6,1.3,150.0,70,7.0,7.3,11.5,233.6,91.2,44.6,33,184,6.6,6.14,6.44,3.0,3.0,10,0.0,19,Average Career QB
0,Blaine Gabbert,2011,22,0.0,0.0,11.0,15,14.0,0.0,210,413,50.8,2214,12,2.9,11,2.7,111.0,74,5.4,4.7,10.5,147.6,65.4,22.2,40,293,8.8,4.24,3.68,0.0,0.0,4,0.0,18,Average Career QB
0,Joe Pisarcik,1977,25,0.0,0.0,9.0,13,11.0,0.0,103,241,42.7,1346,4,1.7,14,5.8,0.0,82,5.6,3.3,13.1,103.5,42.3,0.0,32,262,11.7,3.97,1.96,0.0,0.0,4,0.0,18,Average Career QB
0,Geno Smith,2013,23,0.0,0.0,7.0,16,16.0,0.0,247,443,55.8,3046,12,2.7,21,4.7,148.0,69,6.9,5.3,12.3,190.4,66.5,41.0,43,315,8.8,5.62,4.17,2.0,5.0,7,0.0,18,Average Career QB
0,Kyle Boller,2003,22,0.0,0.0,8.0,11,9.0,0.0,116,224,51.8,1260,7,3.1,9,4.0,62.0,73,5.6,4.4,10.9,114.5,62.4,0.0,17,92,7.1,4.85,3.75,0.0,0.0,3,0.0,17,Average Career QB
0,Scott Brunner,1980,23,0.0,0.0,12.0,16,3.0,0.0,52,112,46.4,610,4,3.6,6,5.4,0.0,50,5.4,3.8,11.7,38.1,53.1,0.0,10,76,8.2,4.38,2.82,1.0,1.0,2,0.0,17,Average Career QB
0,Quincy Carter,2001,24,0.0,0.0,17.0,8,8.0,0.0,90,176,51.1,1072,5,2.8,7,4.0,46.0,64,6.1,4.9,11.9,134.0,63.0,0.0,12,56,6.4,5.4,4.26,0.0,2.0,3,0.0,17,Average Career QB
4,Steve Dils,1983,28,0.0,0.0,12.0,16,12.0,0.0,239,444,53.8,2840,11,2.5,16,3.6,0.0,68,6.4,5.3,11.9,177.5,66.8,0.0,37,254,7.7,5.38,4.34,1.0,3.0,8,0.0,17,Average Career QB
0,Trent Edwards,2007,24,0.0,0.0,5.0,10,9.0,0.0,151,269,56.1,1630,7,2.6,8,3.0,82.0,70,6.1,5.2,10.8,163.0,70.4,36.3,12,105,4.3,5.43,4.64,1.0,2.0,3,0.0,17,Average Career QB
0,Colt McCoy,2010,24,0.0,0.0,12.0,8,8.0,0.0,135,222,60.8,1576,6,2.7,9,4.1,77.0,47,7.1,5.8,11.7,197.0,74.5,52.8,23,132,9.4,5.89,4.73,0.0,0.0,4,0.0,17,Average Career QB
2,Jim Miller,1999,28,0.0,0.0,15.0,5,3.0,0.0,110,174,63.2,1242,7,4.0,6,3.4,54.0,77,7.1,6.4,11.3,248.4,83.5,0.0,7,43,3.9,6.62,5.91,0.0,1.0,3,0.0,17,Average Career QB
2,Terrelle Pryor,2013,24,0.0,0.0,2.0,11,9.0,0.0,156,272,57.4,1798,7,2.6,11,4.0,86.0,73,6.6,5.3,11.5,163.5,69.1,0.0,31,203,10.2,5.26,4.09,0.0,0.0,6,0.0,17,Average Career QB
3,Frank Reich,1989,28,0.0,0.0,14.0,7,3.0,0.0,53,87,60.9,701,7,8.0,2,2.3,0.0,63,8.1,8.6,13.2,100.1,103.7,0.0,4,24,4.4,7.44,7.99,1.0,1.0,3,0.0,17,Average Career QB
1,Trevor Siemian,2016,25,0.0,0.0,13.0,14,14.0,0.0,289,486,59.5,3401,18,3.7,10,2.1,155.0,76,7.0,6.8,11.8,242.9,84.6,49.7,31,187,6.0,6.22,6.04,3.0,2.0,9,0.0,17,Average Career QB
3,Cliff Stoudt,1983,28,0.0,0.0,18.0,16,15.0,0.0,197,381,51.7,2553,12,3.1,21,5.5,0.0,52,6.7,4.9,13.0,159.6,60.6,0.0,51,339,11.8,5.13,3.49,2.0,2.0,10,0.0,17,Average Career QB
0,Dave Wilson,1981,22,0.0,0.0,18.0,11,4.0,0.0,82,159,51.6,1058,1,0.6,11,6.9,0.0,50,6.7,3.7,12.9,96.2,46.1,0.0,12,121,7.0,5.48,2.7,0.0,0.0,0,0.0,17,Average Career QB
1,Matt Cavanaugh,1980,24,0.0,0.0,12.0,16,4.0,0.0,63,105,60.0,885,9,8.6,5,4.8,0.0,40,8.4,8.0,14.0,55.3,95.9,0.0,8,62,7.1,7.28,6.88,1.0,1.0,4,0.0,16,Average Career QB
2,Ty Detmer,1996,29,0.0,0.0,14.0,13,11.0,0.0,238,401,59.4,2911,15,3.7,13,3.2,144.0,42,7.3,6.5,12.2,223.9,80.8,0.0,27,171,6.3,6.4,5.74,2.0,3.0,10,0.0,16,Average Career QB
3,Kelly Holcomb,2003,30,0.0,0.0,10.0,10,8.0,0.0,193,302,63.9,1797,10,3.3,12,4.0,99.0,68,6.0,4.8,9.3,179.7,74.6,0.0,21,166,6.5,5.05,4.0,1.0,1.0,4,0.0,16,Average Career QB
1,Jake Locker,2012,24,0.0,0.0,10.0,11,11.0,0.0,177,314,56.4,2176,10,3.2,11,3.5,94.0,71,6.9,6.0,12.3,197.8,74.0,42.0,25,151,7.4,5.97,5.1,0.0,1.0,6,0.0,16,Average Career QB
2,Paul McDonald,1982,24,0.0,0.0,16.0,9,3.0,0.0,73,149,49.0,993,5,3.4,8,5.4,0.0,56,6.7,4.9,13.6,110.3,59.5,0.0,13,95,8.0,5.54,3.94,1.0,1.0,4,0.0,16,Average Career QB
4,Hugh Millen,1991,28,0.0,0.0,7.0,13,13.0,0.0,246,409,60.1,3073,9,2.2,18,4.4,0.0,60,7.5,6.0,12.5,236.4,72.5,0.0,54,379,11.7,5.82,4.46,3.0,4.0,7,0.0,16,Average Career QB
1,Seneca Wallace,2006,26,0.0,0.0,15.0,8,4.0,0.0,82,141,58.2,927,8,5.7,7,5.0,42.0,49,6.6,5.5,11.3,115.9,76.2,51.0,14,83,9.0,5.45,4.45,1.0,1.0,3,0.0,16,Average Career QB
0,Cody Carlson,1988,25,0.0,0.0,14.0,6,5.0,0.0,52,112,46.4,775,4,3.6,6,5.4,0.0,51,6.9,5.2,14.9,129.2,59.2,0.0,10,72,8.2,5.76,4.2,1.0,2.0,3,0.0,15,Average Career QB
1,Danny Kanell,1997,24,0.0,0.0,13.0,16,10.0,0.0,156,294,53.1,1740,11,3.7,9,3.1,75.0,68,5.9,5.3,11.2,108.8,70.7,0.0,19,171,6.1,5.01,4.42,1.0,3.0,5,0.0,15,Average Career QB
3,Brock Osweiler,2015,25,0.0,0.0,17.0,8,7.0,0.0,170,275,61.8,1967,10,3.6,6,2.2,92.0,72,7.2,6.9,11.6,245.9,86.4,54.9,23,151,7.7,6.09,5.86,2.0,2.0,5,0.0,15,Average Career QB
0,Patrick Ramsey,2002,23,0.0,0.0,11.0,9,5.0,0.0,117,227,51.5,1539,9,4.0,8,3.5,67.0,62,6.8,6.0,13.2,171.0,71.8,0.0,18,132,7.3,5.74,5.01,0.0,0.0,4,0.0,15,Average Career QB
2,Randy Wright,1986,25,0.0,0.0,16.0,16,16.0,0.0,263,492,53.5,3247,17,3.5,23,4.7,0.0,62,6.6,5.2,12.3,202.9,66.2,0.0,33,243,6.3,5.72,4.4,0.0,0.0,8,0.0,15,Average Career QB
1,David Archer,1985,23,0.0,0.0,16.0,16,11.0,0.0,161,312,51.6,1992,7,2.2,17,5.4,0.0,62,6.4,4.4,12.4,124.5,56.5,0.0,43,312,12.1,4.73,2.97,0.0,0.0,6,0.0,14,Average Career QB
0,Mac Jones,0,23,0.0,0.0,10.0,17,17.0,0.0,352,521,67.6,3801,22,4.2,13,2.5,177.0,75,7.3,7.0,10.8,223.6,92.5,50.9,28,241,5.1,6.48,6.22,1.0,1.0,14,0.0,14,Average Career QB
5,Sage Rosenfels,2007,29,0.0,0.0,18.0,9,5.0,0.0,154,240,64.2,1684,15,6.3,12,5.0,93.0,53,7.0,6.0,10.9,187.1,84.8,75.6,6,48,2.4,6.65,5.67,0.0,0.0,6,0.0,14,Average Career QB
6,Pat Ryan,1984,29,0.0,0.0,10.0,16,11.0,0.0,156,285,54.7,1939,14,4.9,14,4.9,0.0,44,6.8,5.6,12.4,121.2,72.0,0.0,30,214,9.5,5.48,4.37,1.0,1.0,7,0.0,14,Average Career QB
1,Jack Thompson,1980,24,0.0,0.0,12.0,14,4.0,0.0,115,234,49.1,1324,11,4.7,12,5.1,0.0,59,5.7,4.3,11.5,94.6,60.9,0.0,13,113,5.3,4.9,3.61,2.0,3.0,2,0.0,14,Average Career QB
0,Brandon Weeden,2012,29,0.0,0.0,3.0,15,15.0,0.0,297,517,57.4,3385,14,2.7,17,3.3,169.0,71,6.5,5.6,11.4,225.7,72.6,33.9,28,186,5.1,5.87,4.98,1.0,1.0,7,0.0,14,Average Career QB
1,Todd Blackledge,1984,23,0.0,0.0,14.0,11,8.0,0.0,147,294,50.0,1707,6,2.0,11,3.7,0.0,46,5.8,4.5,11.6,155.2,59.2,0.0,14,136,4.5,5.1,3.88,1.0,1.0,3,0.0,13,Average Career QB
3,Bob Gagliano,1989,31,0.0,0.0,14.0,11,7.0,0.0,117,232,50.4,1671,6,2.6,12,5.2,0.0,75,7.2,5.4,14.3,151.9,61.2,0.0,25,153,9.7,5.91,4.27,0.0,0.0,6,0.0,13,Average Career QB
3,Kevin Kolb,2010,26,0.0,0.0,4.0,7,5.0,0.0,115,189,60.8,1197,7,3.7,7,3.7,58.0,83,6.3,5.4,10.4,171.0,76.1,44.9,15,99,7.4,5.38,4.52,0.0,0.0,3,0.0,13,Average Career QB
3,Tim Rattay,2003,26,0.0,0.0,13.0,11,3.0,0.0,73,118,61.9,856,7,5.9,2,1.7,41.0,61,7.3,7.7,11.7,77.8,96.6,0.0,7,54,5.6,6.42,6.82,0.0,0.0,3,0.0,13,Average Career QB
1,Joe Reed,1973,25,0.0,0.0,19.0,6,3.0,0.0,51,114,44.7,589,2,1.8,6,5.3,0.0,38,5.2,3.1,11.5,98.2,44.8,0.0,10,56,8.1,4.3,2.44,0.0,0.0,3,0.0,13,Average Career QB
1,Timm Rosenbach,1990,24,0.0,0.0,3.0,16,16.0,0.0,237,437,54.2,3098,16,3.7,17,3.9,0.0,68,7.1,6.1,13.1,193.6,72.8,0.0,43,285,9.0,5.86,4.93,1.0,1.0,12,0.0,13,Average Career QB
2,Turk Schonert,1983,26,0.0,0.0,15.0,9,3.0,0.0,92,156,59.0,1159,2,1.3,5,3.2,0.0,54,7.4,6.2,12.6,128.8,73.1,0.0,15,122,8.8,6.06,4.98,1.0,0.0,5,0.0,13,Average Career QB
1,Al Woodall,1970,25,0.0,0.0,18.0,10,9.0,0.0,96,188,51.1,1265,9,4.8,9,4.8,0.0,67,6.7,5.5,13.2,126.5,68.7,0.0,29,222,13.4,4.81,3.77,0.0,0.0,6,0.0,13,Average Career QB
1,Edd Hargett,1970,23,0.0,0.0,14.0,10,4.0,0.0,78,175,44.6,1133,5,2.9,5,2.9,0.0,49,6.5,5.8,14.5,113.3,63.8,0.0,9,77,4.9,5.74,5.06,0.0,0.0,4,0.0,12,Below-Average Career QB
3,Taylor Heinicke,2021,28,0.0,0.0,4.0,16,15.0,0.0,321,494,65.0,3419,20,4.0,15,3.0,167.0,73,6.9,6.4,10.7,213.7,85.9,39.9,38,278,7.1,5.9,5.39,3.0,4.0,11,0.0,12,Below-Average Career QB
3,Mark Herrmann,1985,26,0.0,0.0,9.0,9,4.0,0.0,132,201,65.7,1537,10,5.0,10,5.0,0.0,59,7.6,6.4,11.6,170.8,84.5,0.0,19,157,8.6,6.27,5.14,1.0,1.0,5,0.0,12,Below-Average Career QB
0,Matt Leinart,2006,23,0.0,0.0,7.0,12,11.0,0.0,214,377,56.8,2547,11,2.9,12,3.2,125.0,58,6.8,5.9,11.9,212.3,74.0,60.5,21,158,5.3,6.0,5.2,1.0,1.0,8,0.0,12,Below-Average Career QB
0,Drew Lock,2019,23,0.0,0.0,3.0,5,5.0,0.0,100,156,64.1,1020,7,4.5,3,1.9,54.0,48,6.5,6.6,10.2,204.0,89.7,50.2,5,26,3.1,6.17,6.2,1.0,2.0,3,0.0,12,Below-Average Career QB
3,Ray Lucas,1999,27,0.0,0.0,6.0,9,9.0,0.0,161,272,59.2,1678,14,5.1,6,2.2,84.0,56,6.2,6.2,10.4,186.4,85.1,0.0,11,69,3.9,5.69,5.72,3.0,3.0,7,0.0,12,Below-Average Career QB
0,Nick Mullens,2018,23,0.0,0.0,4.0,8,8.0,0.0,176,274,64.2,2277,13,4.7,10,3.6,106.0,85,8.3,7.6,12.9,284.6,90.8,51.7,17,127,5.8,7.39,6.74,0.0,1.0,6,0.0,12,Below-Average Career QB
1,Matt Robinson,1978,23,0.0,0.0,17.0,16,11.0,0.0,124,266,46.6,2002,13,4.9,16,6.0,0.0,77,7.5,5.8,16.1,125.1,63.5,0.0,28,228,9.5,6.03,4.47,1.0,1.0,10,0.0,12,Below-Average Career QB
0,Tua Tagovailoa,2020,22,0.0,0.0,1.0,10,9.0,0.0,186,290,64.1,1814,11,3.8,5,1.7,100.0,35,6.3,6.2,9.8,181.4,87.1,44.8,20,136,6.5,5.41,5.4,2.0,2.0,5,0.0,12,Below-Average Career QB
0,Tim Tebow,2010,23,0.0,0.0,15.0,9,3.0,0.0,41,82,50.0,654,5,6.1,3,3.7,31.0,50,8.0,7.5,16.0,72.7,82.1,56.0,6,26,6.8,7.14,6.74,1.0,1.0,3,0.0,12,Below-Average Career QB
2,Billy Volek,2004,28,0.0,0.0,7.0,10,8.0,0.0,218,357,61.1,2486,18,5.0,10,2.8,120.0,48,7.0,6.7,11.4,248.6,87.1,0.0,30,216,7.8,5.87,5.63,0.0,0.0,8,0.0,12,Below-Average Career QB
1,Todd Collins,1996,25,0.0,0.0,15.0,7,3.0,0.0,55,99,55.6,739,4,4.0,5,5.1,27.0,95,7.5,6.0,13.4,105.6,71.9,0.0,11,53,10.0,6.24,4.92,1.0,1.0,2,0.0,11,Below-Average Career QB
0,John Fourcade,1987,27,0.0,0.0,11.0,3,3.0,0.0,48,89,53.9,597,4,4.5,3,3.4,0.0,82,6.7,6.1,12.4,199.0,75.9,0.0,6,67,6.3,5.58,5.0,1.0,1.0,4,0.0,11,Below-Average Career QB
2,Joe Gilliam,1974,24,0.0,0.0,17.0,9,6.0,0.0,96,212,45.3,1274,4,1.9,8,3.8,0.0,61,6.0,4.7,13.3,141.6,55.4,0.0,7,79,3.2,5.46,4.18,1.0,1.0,7,0.0,11,Below-Average Career QB
1,Gary Huff,1974,23,0.0,0.0,19.0,13,11.0,0.0,142,283,50.2,1663,6,2.1,17,6.0,0.0,73,5.9,3.6,11.7,127.9,50.4,0.0,24,260,7.8,4.57,2.47,0.0,0.0,4,0.0,11,Below-Average Career QB
0,David Klingler,1992,23,0.0,0.0,15.0,4,4.0,0.0,47,98,48.0,530,3,3.1,2,2.0,0.0,83,5.4,5.1,11.3,132.5,66.3,0.0,18,146,15.5,3.31,3.05,0.0,0.0,3,0.0,11,Below-Average Career QB
1,Chuck Long,1987,24,0.0,0.0,16.0,12,12.0,0.0,232,416,55.8,2598,11,2.6,20,4.8,0.0,53,6.2,4.6,11.2,216.5,63.4,0.0,17,127,3.9,5.71,4.14,0.0,1.0,7,0.0,11,Below-Average Career QB
0,EJ Manuel,2013,23,0.0,0.0,3.0,10,10.0,0.0,180,306,58.8,1972,11,3.6,9,2.9,89.0,45,6.4,5.8,11.0,197.2,77.7,38.2,28,159,8.4,5.43,4.87,1.0,2.0,5,0.0,11,Below-Average Career QB
4,Gifford Nielsen,1982,28,0.0,0.0,14.0,9,4.0,0.0,87,161,54.0,1005,6,3.7,8,5.0,0.0,46,6.2,4.8,11.6,111.7,64.8,0.0,12,92,6.9,5.28,3.89,1.0,1.0,4,0.0,11,Below-Average Career QB
0,John Reaves,1972,22,0.0,0.0,6.0,11,7.0,0.0,108,224,48.2,1508,7,3.1,12,5.4,0.0,77,6.7,4.9,14.0,137.1,58.4,0.0,38,322,14.5,4.53,3.0,0.0,0.0,5,0.0,11,Below-Average Career QB
1,Sean Salisbury,1992,29,0.0,0.0,12.0,10,4.0,0.0,97,175,55.4,1203,5,2.9,2,1.1,0.0,51,6.9,6.9,12.4,120.3,81.7,0.0,15,116,7.9,5.72,5.77,1.0,1.0,5,0.0,11,Below-Average Career QB
1,Anthony Wright,2001,25,0.0,0.0,2.0,4,3.0,0.0,48,98,49.0,529,5,5.1,5,5.1,23.0,80,5.4,4.1,11.0,132.3,61.1,0.0,5,30,4.9,4.84,3.63,1.0,1.0,2,0.0,11,Below-Average Career QB
2,Tony Adams,1977,27,0.0,0.0,11.0,14,3.0,0.0,47,92,51.1,691,2,2.2,11,12.0,0.0,63,7.5,2.6,14.7,49.4,43.6,0.0,18,136,16.4,5.05,0.91,0.0,0.0,2,0.0,10,Below-Average Career QB
1,Kyle Allen,2019,23,0.0,0.0,7.0,13,12.0,0.0,303,489,62.0,3322,17,3.5,16,3.3,188.0,52,6.8,6.0,11.0,255.5,80.0,38.3,46,397,8.6,5.47,4.76,0.0,1.0,7,0.0,10,Below-Average Career QB
1,Kellen Clemens,2007,24,0.0,0.0,11.0,10,8.0,0.0,130,250,52.0,1529,5,2.0,10,4.0,82.0,56,6.1,4.7,11.8,152.9,60.9,31.5,27,138,9.7,5.02,3.76,1.0,2.0,3,0.0,10,Below-Average Career QB
2,Chris Redman,2002,25,0.0,0.0,7.0,6,6.0,0.0,97,182,53.3,1034,7,3.8,3,1.6,49.0,36,5.7,5.7,10.7,172.3,76.1,0.0,11,68,5.7,5.01,5.03,0.0,0.0,3,0.0,10,Below-Average Career QB
3,Bobby Scott,1976,27,0.0,0.0,12.0,11,8.0,0.0,103,190,54.2,1065,4,2.1,6,3.2,0.0,60,5.6,4.6,10.3,96.8,64.5,0.0,24,162,11.2,4.22,3.33,1.0,1.0,4,0.0,10,Below-Average Career QB
2,Drew Stanton,2010,26,0.0,0.0,5.0,6,3.0,0.0,69,119,58.0,780,4,3.4,3,2.5,39.0,87,6.6,6.1,11.3,130.0,78.4,60.2,6,42,4.8,5.9,5.46,2.0,2.0,3,0.0,10,Below-Average Career QB
1,Tyler Thigpen,2008,24,0.0,0.0,4.0,14,11.0,0.0,230,420,54.8,2608,18,4.3,12,2.9,127.0,75,6.2,5.8,11.3,186.3,76.0,50.7,26,162,5.8,5.48,5.08,0.0,1.0,9,0.0,10,Below-Average Career QB
3,Norris Weese,1979,28,0.0,0.0,14.0,16,6.0,0.0,53,97,54.6,731,1,1.0,3,3.1,0.0,50,7.5,6.4,13.8,45.7,69.6,0.0,13,86,11.8,5.86,4.82,0.0,1.0,3,0.0,10,Below-Average Career QB
0,Dieter Brock,1985,34,0.0,0.0,5.0,15,15.0,0.0,218,365,59.7,2658,16,4.4,13,3.6,0.0,64,7.3,6.6,12.2,177.2,82.0,0.0,51,351,12.3,5.55,4.91,2.0,1.0,9,0.0,9,Below-Average Career QB
6,Jamie Martin,2005,35,0.0,0.0,11.0,8,5.0,0.0,124,177,70.1,1277,5,2.8,7,4.0,59.0,83,7.2,6.0,10.3,159.6,83.5,0.0,11,78,5.9,6.38,5.23,2.0,3.0,4,0.0,9,Below-Average Career QB
0,Tom Owen,1974,22,0.0,0.0,14.0,10,7.0,0.0,88,184,47.8,1327,10,5.4,15,8.2,0.0,68,7.2,4.6,15.1,132.7,56.1,0.0,25,202,12.0,5.38,3.11,0.0,0.0,5,0.0,9,Below-Average Career QB
2,Mike Rae,1978,27,0.0,0.0,15.0,6,5.0,0.0,57,118,48.3,705,4,3.4,7,5.9,0.0,33,6.0,4.0,12.4,117.5,53.8,0.0,37,288,23.9,2.69,1.17,0.0,0.0,4,0.0,9,Below-Average Career QB
0,Chris Weinke,2001,29,0.0,0.0,16.0,15,15.0,0.0,293,540,54.3,2931,11,2.0,19,3.5,138.0,48,5.4,4.3,10.0,195.4,62.0,0.0,26,177,4.6,4.87,3.74,0.0,0.0,7,0.0,9,Below-Average Career QB
0,C.J. Beathard,2017,24,0.0,0.0,3.0,7,5.0,0.0,123,224,54.9,1430,4,1.8,6,2.7,67.0,83,6.4,5.5,11.6,204.3,69.2,35.4,19,141,7.8,5.3,4.52,0.0,0.0,3,0.0,8,Below-Average Career QB
5,Scott Campbell,1987,25,0.0,0.0,10.0,12,9.0,0.0,136,260,52.3,1728,11,4.2,14,5.4,0.0,44,6.6,5.1,12.7,144.0,65.0,0.0,25,178,8.8,5.44,4.0,1.0,1.0,4,0.0,8,Below-Average Career QB
1,A.J. Feeley,2002,25,0.0,0.0,14.0,6,5.0,0.0,86,154,55.8,1011,6,3.9,5,3.2,43.0,53,6.6,5.9,11.8,168.5,75.4,0.0,7,48,4.3,5.98,5.33,0.0,0.0,3,0.0,8,Below-Average Career QB
5,Matt Flynn,2013,28,0.0,0.0,0.0,9,5.0,0.0,124,200,62.0,1392,8,4.0,5,2.5,0.0,56,7.0,6.6,11.2,154.7,85.7,0.0,24,135,10.7,5.61,5.32,3.0,2.0,5,0.0,8,Below-Average Career QB
2,Glenn Foley,1996,26,0.0,0.0,4.0,5,3.0,0.0,54,110,49.1,559,3,2.7,7,6.4,26.0,46,5.1,2.8,10.4,111.8,46.7,0.0,9,65,7.6,4.15,2.01,0.0,0.0,2,0.0,8,Below-Average Career QB
0,Charlie Frye,2005,24,0.0,0.0,9.0,7,5.0,0.0,98,164,59.8,1002,4,2.4,5,3.0,49.0,45,6.1,5.2,10.2,143.1,72.8,0.0,22,135,11.8,4.66,3.88,1.0,1.0,2,0.0,8,Below-Average Career QB
0,Mike Glennon,2013,24,0.0,0.0,8.0,13,13.0,0.0,247,416,59.4,2608,19,4.6,9,2.2,128.0,85,6.3,6.2,10.6,200.6,83.9,55.2,40,314,8.8,5.03,4.98,2.0,2.0,7,0.0,8,Below-Average Career QB
0,Bruce Gradkowski,2006,23,0.0,0.0,7.0,13,11.0,0.0,177,328,54.0,1661,9,2.7,9,2.7,81.0,53,5.1,4.4,9.4,127.8,65.9,32.0,25,146,7.1,4.29,3.65,2.0,3.0,2,0.0,8,Below-Average Career QB
0,Terry Hanratty,1969,21,0.0,0.0,5.0,8,5.0,0.0,52,126,41.3,716,8,6.3,13,10.3,0.0,41,5.7,2.3,13.8,89.5,41.7,0.0,20,168,13.7,3.75,0.84,0.0,0.0,3,0.0,8,Below-Average Career QB
3,Doug Johnson,2003,26,0.0,0.0,11.0,10,8.0,0.0,136,243,56.0,1655,8,3.3,12,4.9,73.0,86,6.8,5.2,12.2,165.5,67.5,0.0,19,121,7.3,5.85,4.4,0.0,0.0,5,0.0,8,Below-Average Career QB
2,Paul Justin,1997,29,0.0,0.0,11.0,8,4.0,0.0,83,140,59.3,1046,5,3.6,5,3.6,50.0,44,7.5,6.6,12.6,130.8,79.6,0.0,10,86,6.7,6.4,5.57,1.0,1.0,3,0.0,8,Below-Average Career QB
1,Shane Matthews,1999,29,0.0,0.0,9.0,8,7.0,0.0,167,275,60.7,1645,10,3.6,6,2.2,86.0,56,6.0,5.7,9.9,205.6,80.6,0.0,13,79,4.5,5.44,5.19,1.0,1.0,4,0.0,8,Below-Average Career QB
0,Luke McCown,2004,23,0.0,0.0,12.0,5,4.0,0.0,48,98,49.0,608,4,4.1,7,7.1,19.0,58,6.2,3.8,12.7,121.6,52.6,0.0,12,122,10.9,4.42,2.28,0.0,0.0,2,0.0,8,Below-Average Career QB
0,Cade McNown,1999,22,0.0,0.0,8.0,15,6.0,0.0,127,235,54.0,1465,8,3.4,10,4.3,65.0,80,6.2,5.0,11.5,97.7,66.7,0.0,18,94,7.1,5.42,4.27,0.0,0.0,3,0.0,8,Below-Average Career QB
5,Mike Moroski,1984,27,0.0,0.0,15.0,16,5.0,0.0,102,191,53.4,1207,2,1.0,9,4.7,0.0,48,6.3,4.4,11.8,75.4,56.8,0.0,20,151,9.5,5.0,3.27,0.0,0.0,2,0.0,8,Below-Average Career QB
3,Jeff Rutledge,1983,26,0.0,0.0,17.0,4,4.0,0.0,87,174,50.0,1208,3,1.7,8,4.6,0.0,54,6.9,5.2,13.9,302.0,59.3,0.0,15,110,7.9,5.81,4.22,0.0,0.0,3,0.0,8,Below-Average Career QB
1,Chris Simms,2005,25,0.0,0.0,2.0,11,10.0,0.0,191,313,61.0,2035,10,3.2,7,2.2,107.0,78,6.5,6.1,10.7,185.0,81.4,0.0,29,205,8.5,5.35,5.01,3.0,3.0,6,0.0,8,Below-Average Career QB
1,Jerry Tagge,1973,23,0.0,0.0,17.0,7,6.0,0.0,56,106,52.8,720,2,1.9,7,6.6,0.0,50,6.8,4.2,12.9,102.9,53.2,0.0,9,54,7.8,5.79,3.4,0.0,0.0,4,0.0,8,Below-Average Career QB
5,Jason Garrett,1998,32,0.0,0.0,17.0,8,5.0,0.0,91,158,57.6,1206,5,3.2,3,1.9,45.0,80,7.6,7.4,13.3,150.8,84.5,0.0,10,52,6.0,6.87,6.66,0.0,0.0,5,0.0,7,Below-Average Career QB
1,Billy Joe Hobert,1996,25,0.0,0.0,9.0,8,3.0,0.0,57,104,54.8,667,4,3.8,5,4.8,0.0,51,6.4,5.0,11.7,83.4,67.3,0.0,9,52,8.0,5.44,4.16,0.0,0.0,2,0.0,7,Below-Average Career QB
0,Mike Kruczek,1976,23,0.0,0.0,15.0,10,6.0,0.0,51,85,60.0,758,0,0.0,3,3.5,0.0,64,8.9,7.3,14.9,75.8,74.5,0.0,11,105,11.5,6.8,5.4,0.0,0.0,5,0.0,7,Below-Average Career QB
0,Trevor Lawrence,2021,22,0.0,0.0,16.0,17,17.0,0.0,359,602,59.6,3641,12,2.0,17,2.8,177.0,58,6.0,5.2,10.1,214.2,71.9,33.5,32,238,5.0,5.37,4.54,1.0,2.0,7,0.0,7,Below-Average Career QB
3,Ed Luther,1983,26,0.0,0.0,11.0,16,6.0,0.0,151,287,52.6,1875,7,2.4,17,5.9,0.0,46,6.5,4.4,12.4,117.2,56.6,0.0,13,120,4.3,5.85,3.77,0.0,2.0,3,0.0,7,Below-Average Career QB
0,Davis Mills,2021,23,0.0,0.0,10.0,13,11.0,0.0,263,394,66.8,2664,16,4.1,10,2.5,118.0,67,6.8,6.4,10.1,204.9,88.8,35.5,31,206,7.3,5.78,5.48,0.0,0.0,7,0.0,7,Below-Average Career QB
1,Dan Orlovsky,2008,25,0.0,0.0,6.0,10,7.0,0.0,143,255,56.1,1616,8,3.1,8,3.1,74.0,96,6.3,5.6,11.3,161.6,72.6,42.0,14,95,5.2,5.65,4.91,0.0,0.0,4,0.0,7,Below-Average Career QB
2,Alex Van Pelt,1997,27,0.0,0.0,10.0,6,3.0,0.0,60,124,48.4,684,2,1.6,10,8.1,30.0,39,5.5,2.2,11.4,114.0,37.2,0.0,4,33,3.1,5.09,1.88,0.0,1.0,2,0.0,7,Below-Average Career QB
4,Charlie Whitehurst,2014,32,0.0,0.0,12.0,7,5.0,0.0,105,185,56.8,1326,7,3.8,2,1.1,55.0,75,7.2,7.4,12.6,189.4,87.4,41.7,18,103,8.9,6.02,6.27,0.0,0.0,4,0.0,7,Below-Average Career QB
1,Brooks Bollinger,2005,26,0.0,0.0,5.0,11,9.0,0.0,150,266,56.4,1558,7,2.6,6,2.3,78.0,60,5.9,5.4,10.4,141.6,72.9,0.0,32,193,10.7,4.58,4.14,1.0,0.0,5,0.0,6,Below-Average Career QB
0,Todd Bouman,2001,29,0.0,0.0,8.0,5,3.0,0.0,51,89,57.3,795,8,9.0,4,4.5,32.0,80,8.9,8.7,15.6,159.0,98.3,0.0,4,27,4.3,8.26,8.04,0.0,0.0,3,0.0,6,Below-Average Career QB
12,Chase Daniel,0,0,0.0,0.0,0.0,70,5.0,0.0,178,261,68.2,1694,8,3.1,7,2.7,86.0,48,6.5,5.9,9.5,24.2,85.0,0.0,26,155,9.1,5.36,4.82,1.0,0.0,6,0.0,6,Below-Average Career QB
0,Austin Davis,2014,25,0.0,0.0,9.0,10,8.0,0.0,180,284,63.4,2001,12,4.2,9,3.2,106.0,59,7.0,6.5,11.1,200.1,85.1,44.2,29,179,9.3,5.82,5.29,1.0,2.0,5,0.0,6,Below-Average Career QB
0,Jeff Driskel,2018,25,0.0,0.0,6.0,9,5.0,0.0,105,176,59.7,1003,6,3.4,2,1.1,50.0,37,5.7,5.9,9.6,111.4,82.2,29.7,16,122,8.3,4.59,4.74,0.0,0.0,2,0.0,6,Below-Average Career QB
0,Justin Fields,2021,22,0.0,0.0,1.0,12,10.0,0.0,159,270,58.9,1870,7,2.6,10,3.7,83.0,64,6.9,5.8,11.8,155.8,73.2,26.4,36,264,11.8,5.25,4.24,0.0,0.0,6,0.0,6,Below-Average Career QB
2,Quinn Gray,2007,28,0.0,0.0,5.0,8,4.0,0.0,80,144,55.6,986,10,6.9,5,3.5,53.0,80,6.8,6.7,12.3,123.3,85.6,73.6,10,68,6.5,5.96,5.8,1.0,1.0,5,0.0,6,Below-Average Career QB
0,DeShone Kizer,2017,21,0.0,0.0,7.0,15,15.0,0.0,255,476,53.6,2894,11,2.3,22,4.6,131.0,56,6.1,4.5,11.3,192.9,60.5,32.6,38,226,7.4,5.19,3.69,0.0,0.0,5,0.0,6,Below-Average Career QB
1,Cleo Lemon,2007,28,0.0,0.0,17.0,9,7.0,0.0,173,309,56.0,1773,6,1.9,6,1.9,87.0,64,5.7,5.3,10.2,197.0,71.0,45.5,25,166,7.5,4.81,4.36,1.0,1.0,5,0.0,6,Below-Average Career QB
0,Oliver Luck,1983,23,0.0,0.0,10.0,7,6.0,0.0,124,217,57.1,1375,8,3.7,13,6.0,0.0,66,6.3,4.4,11.1,196.4,63.4,0.0,16,138,6.9,5.31,3.48,0.0,1.0,2,0.0,6,Below-Average Career QB
2,Bruce Mathison,1985,26,0.0,0.0,7.0,10,7.0,0.0,113,228,49.6,1635,4,1.8,14,6.1,0.0,60,7.2,4.8,14.5,163.5,53.5,0.0,22,203,8.8,5.73,3.53,0.0,0.0,4,0.0,6,Below-Average Career QB
0,Mike McMahon,2001,22,0.0,0.0,8.0,8,3.0,0.0,53,115,46.1,671,3,2.6,1,0.9,33.0,69,5.8,6.0,12.7,83.9,69.9,0.0,21,122,15.4,4.04,4.15,1.0,1.0,2,0.0,6,Below-Average Career QB
2,J.T. O'Sullivan,2008,29,0.0,0.0,14.0,9,8.0,0.0,128,220,58.2,1678,8,3.6,11,5.0,76.0,63,7.6,6.1,13.1,186.4,73.6,27.4,32,197,12.7,5.88,4.55,1.0,1.0,6,0.0,6,Below-Average Career QB
1,JaMarcus Russell,2008,23,0.0,0.0,2.0,15,15.0,0.0,198,368,53.8,2423,13,3.5,8,2.2,110.0,84,6.6,6.3,12.2,161.5,77.1,29.2,31,210,7.8,5.55,5.3,1.0,2.0,7,0.0,6,Below-Average Career QB
0,Heath Shuler,1994,23,0.0,0.0,5.0,11,8.0,0.0,120,265,45.3,1658,10,3.8,12,4.5,73.0,81,6.3,5.0,13.8,150.7,59.6,0.0,12,83,4.3,5.69,4.46,0.0,0.0,4,0.0,6,Below-Average Career QB
3,Troy Smith,2010,26,0.0,0.0,1.0,6,6.0,0.0,73,145,50.3,1176,5,3.4,4,2.8,43.0,66,8.1,7.6,16.1,196.0,77.8,43.2,18,112,11.0,6.53,6.04,2.0,2.0,4,0.0,6,Below-Average Career QB
2,Steve Stenstrom,1998,27,0.0,0.0,18.0,7,7.0,0.0,112,196,57.1,1252,4,2.0,6,3.1,63.0,48,6.4,5.4,11.2,178.9,70.4,0.0,19,137,8.8,5.19,4.3,0.0,0.0,4,0.0,6,Below-Average Career QB
3,Bill Troup,1978,27,0.0,0.0,12.0,12,11.0,0.0,154,296,52.0,1882,10,3.4,21,7.1,0.0,67,6.4,3.8,12.2,156.8,53.6,0.0,32,340,9.8,4.7,2.43,1.0,0.0,5,0.0,6,Below-Average Career QB
1,Danny Wuerffel,1998,24,0.0,0.0,7.0,5,4.0,0.0,62,119,52.1,695,5,4.2,5,4.2,35.0,64,5.8,4.8,11.2,139.0,66.3,0.0,23,131,16.2,3.97,3.09,2.0,2.0,2,0.0,6,Below-Average Career QB
0,T.J. Yates,2011,24,0.0,0.0,13.0,6,5.0,0.0,82,134,61.2,949,3,2.2,3,2.2,48.0,50,7.1,6.5,11.6,158.2,80.7,43.1,15,74,10.1,5.87,5.37,1.0,2.0,3,0.0,6,Below-Average Career QB
2,Matt Barkley,2016,26,0.0,0.0,12.0,7,6.0,0.0,129,216,59.7,1611,8,3.7,14,6.5,90.0,37,7.5,5.3,12.5,230.1,68.3,33.6,6,43,2.7,7.06,4.95,0.0,0.0,1,0.0,5,Below-Average Career QB
2,Scott Bull,1978,25,0.0,0.0,19.0,16,5.0,0.0,48,121,39.7,651,1,0.8,11,9.1,0.0,48,5.4,1.5,13.6,40.7,22.4,0.0,22,160,15.4,3.43,0.11,0.0,0.0,2,0.0,5,Below-Average Career QB
0,Jesse Freitas,1974,23,0.0,0.0,17.0,5,3.0,0.0,49,109,45.0,719,3,2.8,8,7.3,0.0,71,6.6,3.8,14.7,143.8,45.6,0.0,11,76,9.2,5.36,2.86,1.0,2.0,3,0.0,5,Below-Average Career QB
2,Rusty Hilger,1987,25,0.0,0.0,12.0,5,5.0,0.0,55,106,51.9,706,2,1.9,6,5.7,0.0,49,6.7,4.5,12.8,141.2,55.8,0.0,12,80,10.2,5.31,3.36,0.0,0.0,2,0.0,5,Below-Average Career QB
3,Donald Hollas,1998,31,0.0,0.0,12.0,12,6.0,0.0,135,260,51.9,1754,10,3.8,16,6.2,80.0,47,6.7,4.7,13.0,146.2,60.6,0.0,36,207,12.2,5.23,3.47,1.0,1.0,2,0.0,5,Below-Average Career QB
1,Brett Hundley,2017,24,0.0,0.0,7.0,11,9.0,0.0,192,316,60.8,1836,9,2.8,12,3.8,90.0,55,5.8,4.7,9.6,166.9,70.6,44.8,29,197,8.4,4.75,3.71,2.0,2.0,5,0.0,5,Below-Average Career QB
0,Cody Kessler,2016,23,0.0,0.0,6.0,9,8.0,0.0,128,195,65.6,1380,6,3.1,2,1.0,69.0,44,7.1,7.2,10.8,153.3,92.3,43.4,21,140,9.7,5.74,5.88,0.0,0.0,3,0.0,5,Below-Average Career QB
0,Jeff Komlo,1979,23,0.0,0.0,19.0,16,14.0,0.0,183,368,49.7,2238,11,3.0,23,6.3,0.0,40,6.1,3.9,12.2,139.9,52.8,0.0,40,361,9.8,4.6,2.6,1.0,1.0,4,0.0,5,Below-Average Career QB
1,Dave Mays,1977,28,0.0,0.0,10.0,7,4.0,0.0,67,121,55.4,797,6,5.0,10,8.3,0.0,60,6.6,3.9,11.9,113.9,57.8,0.0,6,67,4.7,5.75,3.15,0.0,0.0,4,0.0,5,Below-Average Career QB
1,Browning Nagle,1992,24,0.0,0.0,8.0,14,13.0,0.0,192,387,49.6,2280,7,1.8,17,4.4,0.0,51,5.9,4.3,11.9,162.9,55.7,0.0,27,215,6.5,4.99,3.48,0.0,0.0,5,0.0,5,Below-Average Career QB
1,Tom Ramsey,1987,26,0.0,0.0,12.0,9,3.0,0.0,71,134,53.0,898,6,4.5,6,4.5,0.0,40,6.7,5.6,12.6,99.8,70.4,0.0,14,90,9.5,5.46,4.45,0.0,0.0,4,0.0,5,Below-Average Career QB
0,T.J. Rubley,1993,25,0.0,0.0,12.0,9,7.0,0.0,108,189,57.1,1338,8,4.2,6,3.2,0.0,54,7.1,6.5,12.4,148.7,80.1,0.0,13,106,6.4,6.1,5.55,1.0,1.0,5,0.0,5,Below-Average Career QB
0,Mason Rudolph,2019,24,0.0,0.0,2.0,10,8.0,0.0,176,283,62.2,1765,13,4.6,9,3.2,80.0,76,6.2,5.7,10.0,176.5,82.0,36.2,15,124,5.0,5.51,5.02,1.0,1.0,3,0.0,5,Below-Average Career QB
3,Scott Secules,1993,29,0.0,0.0,10.0,12,4.0,0.0,75,134,56.0,918,2,1.5,9,6.7,0.0,82,6.9,4.1,12.2,76.5,54.3,0.0,7,28,5.0,6.31,3.72,1.0,1.0,3,0.0,5,Below-Average Career QB
2,Andre Ware,1992,24,0.0,0.0,11.0,4,3.0,0.0,50,86,58.1,677,3,3.5,4,4.7,0.0,59,7.9,6.5,13.5,169.3,75.6,0.0,16,104,15.7,5.62,4.44,0.0,0.0,3,0.0,5,Below-Average Career QB
0,Zach Wilson,2021,22,0.0,0.0,2.0,13,13.0,0.0,213,383,55.6,2334,9,2.3,11,2.9,112.0,54,6.1,5.3,11.0,179.5,69.7,28.2,44,370,10.3,4.6,3.86,1.0,1.0,5,0.0,5,Below-Average Career QB
0,Eric Zeier,1995,23,0.0,0.0,10.0,7,4.0,0.0,82,161,50.9,864,4,2.5,9,5.6,42.0,59,5.4,3.3,10.5,123.4,51.9,0.0,15,91,8.5,4.39,2.55,1.0,1.0,-2,0.0,5,Below-Average Career QB
0,Brandon Allen,2019,27,0.0,0.0,2.0,3,3.0,0.0,39,84,46.4,515,3,3.6,2,2.4,20.0,75,6.1,5.8,13.2,171.7,68.3,40.1,9,59,9.7,4.9,4.58,0.0,0.0,2,0.0,4,Below-Average Career QB
1,Rick Arrington,1971,24,0.0,0.0,11.0,10,4.0,0.0,55,118,46.6,576,2,1.7,5,4.2,0.0,65,4.9,3.3,10.5,57.6,49.3,0.0,13,95,9.9,3.67,2.26,0.0,0.0,2,0.0,4,Below-Average Career QB
0,John Beck,2007,26,0.0,0.0,9.0,5,4.0,0.0,60,107,56.1,559,1,0.9,3,2.8,23.0,22,5.2,4.1,9.3,111.8,62.0,13.3,10,69,8.5,4.19,3.21,0.0,0.0,2,0.0,4,Below-Average Career QB
2,Stoney Case,1999,27,0.0,0.0,10.0,10,4.0,0.0,77,170,45.3,988,3,1.8,8,4.7,42.0,54,5.8,4.0,12.8,98.8,50.3,0.0,17,116,9.1,4.66,3.06,1.0,1.0,1,0.0,4,Below-Average Career QB
0,Koy Detmer,1998,25,0.0,0.0,10.0,8,5.0,0.0,97,181,53.6,1011,5,2.8,5,2.8,46.0,61,5.6,4.9,10.4,126.4,67.7,0.0,5,29,2.7,5.28,4.61,0.0,0.0,1,0.0,4,Below-Average Career QB
1,Anthony Dilweg,1990,25,0.0,0.0,8.0,9,7.0,0.0,101,192,52.6,1267,8,4.2,7,3.6,0.0,59,6.6,5.8,12.5,140.8,72.1,0.0,22,150,10.3,5.22,4.5,1.0,1.0,4,0.0,4,Below-Average Career QB
0,Dwayne Haskins,2019,22,0.0,0.0,7.0,9,7.0,0.0,119,203,58.6,1365,7,3.4,7,3.4,65.0,75,6.7,5.9,11.5,151.7,76.1,28.0,29,204,12.5,5.0,4.25,1.0,1.0,3,0.0,4,Below-Average Career QB
0,Tom Hodson,1990,23,0.0,0.0,13.0,7,6.0,0.0,85,156,54.5,968,4,2.6,5,3.2,0.0,56,6.2,5.3,11.4,138.3,68.5,0.0,20,147,11.4,4.66,3.84,0.0,0.0,2,0.0,4,Below-Average Career QB
0,Chad Hutchinson,2002,25,0.0,0.0,7.0,9,9.0,0.0,127,250,50.8,1555,7,2.8,8,3.2,65.0,58,6.2,5.3,12.2,172.8,66.3,0.0,34,265,12.0,4.54,3.77,1.0,1.0,3,0.0,4,Below-Average Career QB
1,Babe Laufenberg,1988,29,0.0,0.0,12.0,8,6.0,0.0,69,144,47.9,778,4,2.8,5,3.5,0.0,47,5.4,4.4,11.3,97.3,59.3,0.0,18,155,11.1,3.85,2.95,1.0,1.0,3,0.0,4,Below-Average Career QB
2,Ryan Mallett,2015,27,0.0,0.0,0.0,8,6.0,0.0,136,244,55.7,1336,5,2.0,6,2.5,0.0,48,5.5,4.8,9.8,167.0,67.9,0.0,6,32,2.4,5.22,4.54,0.0,0.0,3,0.0,4,Below-Average Career QB
1,Johnny Manziel,2015,23,0.0,0.0,2.0,9,6.0,0.0,129,223,57.8,1500,7,3.1,5,2.2,72.0,61,6.7,6.3,11.6,166.7,79.4,58.6,19,141,7.9,5.62,5.26,0.0,0.0,4,0.0,4,Below-Average Career QB
0,A.J. McCarron,2015,25,0.0,0.0,5.0,7,3.0,0.0,79,119,66.4,854,6,5.0,2,1.7,46.0,66,7.2,7.4,10.8,122.0,97.1,54.8,12,63,9.2,6.04,6.27,0.0,0.0,3,0.0,4,Below-Average Career QB
0,Matt McGloin,2013,24,0.0,0.0,14.0,7,6.0,0.0,118,211,55.9,1547,8,3.8,8,3.8,70.0,52,7.3,6.4,13.1,221.0,76.1,46.0,6,53,2.8,6.88,5.96,0.0,0.0,4,0.0,4,Below-Average Career QB
2,Kim McQuilken,1976,25,0.0,0.0,11.0,8,3.0,0.0,48,121,39.7,450,2,1.7,10,8.3,0.0,39,3.7,0.3,9.4,56.3,21.7,0.0,17,164,12.3,2.07,-0.9,0.0,0.0,2,0.0,4,Below-Average Career QB
0,Steve Myer,1977,23,0.0,0.0,16.0,7,4.0,0.0,70,130,53.8,729,6,4.6,12,9.2,0.0,45,5.6,2.4,10.4,104.1,47.2,0.0,9,80,6.5,4.67,1.65,0.0,0.0,4,0.0,4,Below-Average Career QB
0,Bryce Petty,2016,25,0.0,0.0,9.0,6,4.0,0.0,75,133,56.4,809,3,2.3,7,5.3,35.0,52,6.1,4.2,10.8,134.8,60.0,15.9,13,79,8.9,5.0,3.25,1.0,1.0,2,0.0,4,Below-Average Career QB
4,Jonathan Quinn,2004,29,0.0,0.0,12.0,5,3.0,0.0,51,98,52.0,413,1,1.0,3,3.1,18.0,32,4.2,3.0,8.1,82.6,53.7,0.0,15,109,13.3,2.69,1.67,0.0,0.0,1,0.0,4,Below-Average Career QB
0,John Skelton,2010,22,0.0,0.0,19.0,5,4.0,0.0,60,126,47.6,662,2,1.6,2,1.6,31.0,74,5.3,4.9,11.0,132.4,62.3,23.6,9,65,6.7,4.42,4.05,1.0,1.0,2,0.0,4,Below-Average Career QB
0,Scott Zolak,1992,25,0.0,0.0,16.0,6,4.0,0.0,52,100,52.0,561,2,2.0,4,4.0,0.0,65,5.6,4.2,10.8,93.5,58.8,0.0,17,137,14.5,3.62,2.43,1.0,1.0,2,0.0,4,Below-Average Career QB
0,Jimmy Clausen,2010,23,0.0,0.0,2.0,13,10.0,0.0,157,299,52.5,1558,3,1.0,9,3.0,73.0,55,5.2,4.1,9.9,119.8,58.4,13.8,33,223,9.9,4.02,2.98,0.0,0.0,0,0.0,3,Below-Average Career QB
1,Jim Del Gaizo,1973,26,0.0,0.0,12.0,8,3.0,0.0,27,62,43.5,318,2,3.2,6,9.7,0.0,28,5.1,1.4,11.8,39.8,30.9,0.0,8,77,11.4,3.44,0.16,1.0,0.0,1,0.0,3,Below-Average Career QB
2,Tony Graziani,1999,26,0.0,0.0,7.0,11,3.0,0.0,62,118,52.5,759,2,1.7,4,3.4,37.0,62,6.4,5.2,12.2,69.0,64.2,0.0,12,78,9.2,5.24,4.16,1.0,1.0,2,0.0,3,Below-Average Career QB
1,June Jones,1978,25,0.0,0.0,14.0,7,3.0,0.0,34,79,43.0,394,1,1.3,4,5.1,0.0,38,5.0,3.0,11.6,56.3,41.9,0.0,17,132,17.7,2.73,1.06,1.0,1.0,1,0.0,3,Below-Average Career QB
1,Thaddeus Lewis,2013,28,0.0,0.0,9.0,6,5.0,0.0,93,157,59.2,1092,4,2.5,3,1.9,49.0,57,7.0,6.6,11.7,182.0,81.0,21.0,18,100,10.3,5.67,5.35,1.0,1.0,3,0.0,3,Below-Average Career QB
0,Kyle Mackey,1987,25,0.0,0.0,15.0,3,3.0,0.0,57,109,52.3,604,3,2.8,5,4.6,0.0,30,5.5,4.0,10.6,201.3,58.8,0.0,4,24,3.5,5.13,3.67,0.0,0.0,3,0.0,3,Below-Average Career QB
2,Gary Marangi,1976,24,0.0,0.0,17.0,11,7.0,0.0,82,232,35.3,998,7,3.0,16,6.9,0.0,39,4.3,1.8,12.2,90.7,30.8,0.0,22,166,8.7,3.28,0.99,0.0,0.0,0,0.0,3,Below-Average Career QB
1,Todd Marinovich,1992,23,0.0,0.0,12.0,7,7.0,0.0,81,165,49.1,1102,5,3.0,9,5.5,0.0,68,6.7,4.8,13.6,157.4,58.2,0.0,20,154,10.8,5.12,3.48,0.0,1.0,2,0.0,3,Below-Average Career QB
4,Doug Pederson,1999,31,0.0,0.0,14.0,16,9.0,0.0,119,227,52.4,1276,7,3.1,9,4.0,62.0,84,5.6,4.5,10.7,79.8,62.9,0.0,20,109,8.1,4.72,3.65,1.0,1.0,2,0.0,3,Below-Average Career QB
3,Todd Philcox,1993,27,0.0,0.0,17.0,5,4.0,0.0,52,108,48.1,699,4,3.7,7,6.5,0.0,56,6.5,4.3,13.4,139.8,54.5,0.0,7,60,6.1,5.56,3.51,0.0,0.0,2,0.0,3,Below-Average Career QB
2,Bucky Richardson,1994,25,0.0,0.0,7.0,7,4.0,0.0,94,181,51.9,1202,6,3.3,6,3.3,61.0,76,6.6,5.8,12.8,171.7,70.3,0.0,23,136,11.3,5.23,4.49,0.0,0.0,3,0.0,3,Below-Average Career QB
0,Josh Rosen,2018,21,0.0,0.0,3.0,14,13.0,0.0,217,393,55.2,2278,11,2.8,14,3.6,112.0,75,5.8,4.8,10.5,162.7,66.7,24.1,45,320,10.3,4.47,3.53,1.0,2.0,2,0.0,3,Below-Average Career QB
2,Tom Savage,2017,27,0.0,0.0,3.0,8,7.0,0.0,125,223,56.1,1412,5,2.2,6,2.7,70.0,57,6.3,5.6,11.3,176.5,71.4,41.7,21,159,8.6,5.14,4.44,1.0,1.0,2,0.0,3,Below-Average Career QB
2,Pat Sullivan,1974,24,0.0,0.0,7.0,6,3.0,0.0,48,105,45.7,556,1,1.0,8,7.6,0.0,48,5.3,2.1,11.6,92.7,33.7,0.0,10,92,8.7,4.03,1.08,0.0,0.0,1,0.0,3,Below-Average Career QB
4,Mark Vlasic,0,0,0.0,0.0,0.0,15,4.0,0.0,75,142,52.8,762,4,2.8,5,3.5,0.0,57,5.4,4.3,10.2,50.8,63.2,0.0,6,61,4.1,4.74,3.76,1.0,1.0,3,0.0,3,Below-Average Career QB
2,Tim Boyle,2021,27,0.0,0.0,12.0,5,3.0,0.0,61,94,64.9,526,3,3.2,6,6.4,28.0,42,5.6,3.4,8.6,105.2,63.5,26.4,0,0,0.0,5.6,3.36,0.0,0.0,2,0.0,2,Below-Average Career QB
1,Carlos Brown,1976,24,0.0,0.0,19.0,13,3.0,0.0,26,74,35.1,333,2,2.7,6,8.1,0.0,47,4.5,1.4,12.8,25.6,25.3,0.0,10,66,11.9,3.18,0.44,0.0,0.0,2,0.0,2,Below-Average Career QB
2,Wayne Clark,1973,26,0.0,0.0,13.0,11,4.0,0.0,40,90,44.4,532,0,0.0,9,10.0,0.0,54,5.9,1.4,13.3,48.4,24.2,0.0,9,96,9.1,4.4,0.31,0.0,0.0,2,0.0,2,Below-Average Career QB
1,Brodie Croyle,2007,24,0.0,0.0,12.0,9,6.0,0.0,127,224,56.7,1227,6,2.7,6,2.7,58.0,35,5.5,4.8,9.7,136.3,69.9,35.2,17,101,7.1,4.67,4.05,0.0,0.0,1,0.0,2,Below-Average Career QB
0,Ken Dorsey,2004,23,0.0,0.0,7.0,8,7.0,0.0,123,226,54.4,1231,6,2.7,9,4.0,60.0,59,5.4,4.2,10.0,153.9,62.4,0.0,13,94,5.4,4.76,3.56,0.0,1.0,0,0.0,2,Below-Average Career QB
0,Ryan Finley,2019,25,0.0,0.0,5.0,3,3.0,0.0,41,87,47.1,474,2,2.3,2,2.3,20.0,47,5.4,4.9,11.6,158.0,62.1,25.0,11,93,11.2,3.89,3.38,0.0,0.0,1,0.0,2,Below-Average Career QB
1,Stan Gelbaugh,1991,29,0.0,0.0,10.0,6,3.0,0.0,61,118,51.7,674,3,2.5,10,8.5,0.0,34,5.7,2.4,11.0,112.3,42.1,0.0,10,94,7.8,4.53,1.48,0.0,0.0,2,0.0,2,Below-Average Career QB
0,Jerry Golsteyn,1977,23,0.0,0.0,12.0,6,3.0,0.0,31,70,44.3,416,2,2.9,8,11.4,0.0,47,5.9,1.4,13.4,69.3,33.7,0.0,14,113,16.7,3.61,-0.2,1.0,1.0,1,0.0,2,Below-Average Career QB
2,Caleb Hanie,2011,26,0.0,0.0,12.0,6,4.0,0.0,51,102,50.0,613,3,2.9,9,8.8,29.0,81,6.0,2.6,12.0,102.2,41.8,19.0,19,133,15.7,3.97,1.12,0.0,0.0,2,0.0,2,Below-Average Career QB
0,Todd Hons,1987,26,0.0,0.0,18.0,3,3.0,0.0,43,92,46.7,552,5,5.4,5,5.4,0.0,53,6.0,4.6,12.8,184.0,61.5,0.0,9,67,8.9,4.8,3.56,1.0,1.0,2,0.0,2,Below-Average Career QB
1,Bobby Hoying,1997,25,0.0,0.0,7.0,7,6.0,0.0,128,225,56.9,1573,11,4.9,6,2.7,77.0,72,7.0,6.8,12.3,224.7,83.8,0.0,28,183,11.1,5.49,5.3,2.0,1.0,5,0.0,2,Below-Average Career QB
0,Brock Huard,2000,24,0.0,0.0,11.0,5,4.0,0.0,49,87,56.3,540,3,3.4,2,2.3,26.0,45,6.2,5.9,11.0,108.0,76.8,0.0,13,72,13.0,4.68,4.38,0.0,0.0,2,0.0,2,Below-Average Career QB
1,Tyler Huntley,2021,23,0.0,0.0,2.0,7,4.0,0.0,122,188,64.9,1081,3,1.6,4,2.1,55.0,43,5.8,5.1,8.9,154.4,76.6,49.0,18,107,8.7,4.73,4.15,1.0,1.0,2,0.0,2,Below-Average Career QB
0,Ken Karcher,1987,24,0.0,0.0,12.0,3,3.0,0.0,56,102,54.9,628,5,4.9,4,3.9,0.0,49,6.2,5.4,11.2,209.3,73.5,0.0,5,45,4.7,5.45,4.7,0.0,0.0,2,0.0,2,Below-Average Career QB
0,Jake Luton,2020,24,0.0,0.0,6.0,3,3.0,0.0,60,110,54.5,624,2,1.8,6,5.5,31.0,73,5.7,3.6,10.4,208.0,54.5,32.8,7,52,6.0,4.89,2.92,0.0,0.0,2,0.0,2,Below-Average Career QB
3,Dan McGwire,1994,27,0.0,0.0,10.0,7,3.0,0.0,51,105,48.6,578,1,1.0,2,1.9,31.0,36,5.5,4.8,11.3,82.6,60.7,0.0,13,96,11.0,4.08,3.49,0.0,0.0,2,0.0,2,Below-Average Career QB
1,Curtis Painter,2011,26,0.0,0.0,7.0,9,8.0,0.0,132,243,54.3,1541,6,2.5,9,3.7,71.0,87,6.3,5.2,11.7,171.2,66.6,30.9,16,104,6.2,5.55,4.45,0.0,0.0,2,0.0,2,Below-Average Career QB
1,Tyler Palko,2011,28,0.0,0.0,4.0,6,4.0,0.0,80,134,59.7,796,2,1.5,7,5.2,40.0,38,5.9,3.9,10.0,132.7,59.8,32.4,11,83,7.6,4.92,3.02,0.0,0.0,2,0.0,2,Below-Average Career QB
1,Alan Pastrana ,1970,26,0.0,0.0,12.0,5,3.0,0.0,29,75,38.7,420,1,1.3,9,12.0,0.0,58,5.6,0.5,14.5,84.0,22.5,0.0,8,60,9.6,4.34,-0.3,1.0,0.0,2,0.0,2,Below-Average Career QB
0,Brent Pease,1987,23,0.0,0.0,14.0,7,3.0,0.0,56,113,49.6,728,3,2.7,5,4.4,0.0,51,6.4,5.0,13.0,104.0,60.6,0.0,5,36,4.2,5.86,4.47,0.0,0.0,2,0.0,2,Below-Average Career QB
4,Nathan Peterman,0,0,0.0,0.0,0.0,10,4.0,0.0,71,135,52.6,573,3,2.2,12,8.9,29.0,26,4.2,0.7,8.1,57.3,34.0,0.0,10,55,6.9,3.57,0.26,0.0,0.0,2,0.0,2,Below-Average Career QB
1,Steve Pisarkiewicz,1979,26,0.0,0.0,15.0,6,3.0,0.0,52,109,47.7,621,3,2.8,4,3.7,0.0,78,5.7,4.6,11.9,103.5,59.5,0.0,14,85,11.4,4.36,3.38,1.0,1.0,2,0.0,2,Below-Average Career QB
1,Brady Quinn,2008,24,0.0,0.0,10.0,3,3.0,0.0,45,89,50.6,518,2,2.2,2,2.2,24.0,42,5.8,5.3,11.5,172.7,66.6,40.5,1,9,1.1,5.66,5.1,1.0,1.0,1,0.0,2,Below-Average Career QB
1,Alan Risher,1987,26,0.0,0.0,11.0,3,3.0,0.0,44,74,59.5,564,3,4.1,3,4.1,0.0,46,7.6,6.6,12.8,188.0,80.0,0.0,12,77,14.0,5.66,4.79,0.0,1.0,2,0.0,2,Below-Average Career QB
0,Ed Rubbert,1987,23,0.0,0.0,16.0,3,3.0,0.0,26,49,53.1,532,4,8.2,1,2.0,0.0,88,10.9,11.6,20.5,177.3,110.2,0.0,1,9,2.0,10.46,11.16,0.0,0.0,2,0.0,2,Below-Average Career QB
0,Akili Smith,1999,24,0.0,0.0,11.0,7,4.0,0.0,80,153,52.3,805,2,1.3,6,3.9,35.0,39,5.3,3.8,10.1,115.0,55.6,0.0,19,110,11.0,4.04,2.7,1.0,1.0,0,0.0,2,Below-Average Career QB
0,Kelly Stouffer,1988,24,0.0,0.0,11.0,8,6.0,0.0,98,173,56.6,1106,4,2.3,6,3.5,0.0,53,6.4,5.3,11.3,138.3,69.2,0.0,13,110,7.0,5.35,4.33,0.0,0.0,4,0.0,2,Below-Average Career QB
0,Scott Tinsley,1987,28,0.0,0.0,11.0,3,3.0,0.0,48,86,55.8,637,3,3.5,4,4.7,0.0,62,7.4,6.0,13.3,212.3,71.7,0.0,6,55,6.5,6.33,5.02,0.0,0.0,2,0.0,2,Below-Average Career QB
0,Tim Van Galder,1972,28,0.0,0.0,16.0,5,5.0,0.0,40,79,50.6,434,1,1.3,7,8.9,0.0,71,5.5,1.8,10.9,86.8,34.5,0.0,10,76,11.2,4.02,0.71,0.0,0.0,2,0.0,2,Below-Average Career QB
0,Mike White,2021,26,0.0,0.0,5.0,4,3.0,0.0,88,132,66.7,953,5,3.8,8,6.1,49.0,28,7.2,5.3,10.8,238.3,75.1,50.5,4,18,2.9,6.88,4.96,1.0,1.0,2,0.0,2,Below-Average Career QB
0,Jeb Blount,1977,23,0.0,0.0,17.0,5,4.0,0.0,37,89,41.6,522,0,0.0,7,7.9,0.0,56,5.9,2.3,14.1,104.4,28.4,0.0,18,164,16.8,3.35,0.4,0.0,0.0,1,0.0,1,Below-Average Career QB
0,Bill Demory,1973,23,0.0,0.0,6.0,6,3.0,0.0,12,39,30.8,159,2,5.1,8,20.5,0.0,31,4.1,-4.1,13.3,26.5,22.2,0.0,8,73,17.0,1.83,-4.98,1.0,1.0,1,0.0,1,Below-Average Career QB
3,Tom Flick,1986,28,0.0,0.0,12.0,11,3.0,0.0,33,73,45.2,361,2,2.7,8,11.0,0.0,26,4.9,0.6,10.9,32.8,29.9,0.0,6,49,7.6,3.95,-0.1,0.0,0.0,1,0.0,1,Below-Average Career QB
0,Max Hall,2010,25,0.0,0.0,6.0,6,3.0,0.0,39,78,50.0,370,1,1.3,6,7.7,19.0,26,4.7,1.5,9.5,61.7,35.7,8.8,14,90,15.2,3.04,0.33,0.0,1.0,1,0.0,1,Below-Average Career QB
1,Tim Hasselbeck,2003,25,0.0,0.0,8.0,7,5.0,0.0,95,177,53.7,1012,5,2.8,7,4.0,52.0,40,5.7,4.5,10.7,144.6,63.6,0.5,9,44,4.8,5.2,4.05,0.0,0.0,1,0.0,1,Below-Average Career QB
0,Randy Hedberg,1977,23,0.0,0.0,14.0,7,4.0,0.0,25,90,27.8,244,0,0.0,10,11.1,0.0,19,2.7,-2.3,9.8,34.9,0.0,0.0,15,131,14.3,1.08,-3.21,0.0,0.0,1,0.0,1,Below-Average Career QB
0,Kurt Kittner,2003,23,0.0,0.0,15.0,7,4.0,0.0,44,114,38.6,391,2,1.8,6,5.3,23.0,31,3.4,1.4,8.9,55.9,32.5,0.0,5,30,4.2,3.03,1.1,0.0,0.0,1,0.0,1,Below-Average Career QB
0,Craig Krenzel,2004,23,0.0,0.0,16.0,6,5.0,0.0,59,127,46.5,718,3,2.4,6,4.7,31.0,49,5.7,4.0,12.2,119.7,52.5,0.0,23,158,15.3,3.73,2.33,1.0,1.0,1,0.0,1,Below-Average Career QB
0,Ryan Leaf,1998,22,0.0,0.0,16.0,10,9.0,0.0,111,245,45.3,1289,2,0.8,15,6.1,66.0,67,5.3,2.7,11.6,128.9,39.0,0.0,22,140,8.2,4.3,1.93,1.0,2.0,-2,0.0,1,Below-Average Career QB
0,Zach Mettenberger,2014,23,0.0,0.0,7.0,7,6.0,0.0,107,179,59.8,1412,8,4.5,7,3.9,56.0,80,7.9,7.0,13.2,201.7,83.4,30.8,18,138,9.1,6.47,5.68,0.0,0.0,3,0.0,1,Below-Average Career QB
0,Keith Null,2009,24,0.0,0.0,9.0,4,4.0,0.0,73,119,61.3,566,3,2.5,9,7.6,30.0,25,4.8,1.9,7.8,141.5,49.9,16.9,13,82,9.8,3.67,1.05,0.0,0.0,1,0.0,1,Below-Average Career QB
1,Jesse Palmer,2003,25,0.0,0.0,3.0,6,3.0,0.0,60,116,51.7,532,3,2.6,4,3.4,26.0,40,4.6,3.6,8.9,88.7,58.5,0.0,16,95,12.1,3.31,2.4,0.0,0.0,1,0.0,1,Below-Average Career QB
0,Andrew Walter,2006,24,0.0,0.0,16.0,12,8.0,0.0,147,276,53.3,1677,3,1.1,13,4.7,79.0,51,6.1,4.2,11.4,139.8,55.8,23.0,46,256,14.3,4.41,2.78,0.0,0.0,0,0.0,1,Below-Average Career QB
0,Craig Whelihan,1997,26,0.0,0.0,5.0,9,7.0,0.0,118,237,49.8,1357,6,2.5,10,4.2,64.0,61,5.7,4.3,11.5,150.8,58.3,0.0,21,168,8.1,4.61,3.33,0.0,0.0,1,0.0,1,Below-Average Career QB
0,Devlin Hodges,2019,23,0.0,0.0,6.0,8,6.0,0.0,100,160,62.5,1063,5,3.1,8,5.0,51.0,79,6.6,5.0,10.6,132.9,71.4,31.8,15,102,8.6,5.49,4.01,0.0,1.0,0,0.0,0,Below-Average Career QB
0,David Blough,2019,24,0.0,0.0,10.0,5,5.0,0.0,94,174,54.0,984,4,2.3,6,3.4,47.0,75,5.7,4.6,10.5,196.8,64.0,34.0,14,104,7.4,4.68,3.67,0.0,0.0,-1,0.0,-1,Poor Career QB
1,Joe Dufek,1984,23,0.0,0.0,19.0,5,5.0,0.0,74,150,49.3,829,4,2.7,8,5.3,0.0,64,5.5,3.7,11.2,165.8,52.9,0.0,10,86,6.3,4.64,2.89,0.0,0.0,-1,0.0,-1,Poor Career QB
0,Ryan Lindley,2012,23,0.0,0.0,14.0,6,4.0,0.0,89,171,52.0,752,0,0.0,7,4.1,39.0,28,4.4,2.6,8.4,125.3,46.7,9.2,12,91,6.6,3.61,1.89,0.0,0.0,-5,0.0,-4,Poor Career QB
